MovieName,MovieID,Genre,UserID,Rating,Timestamp,Gender,Age,Occupation,Zip-code,age_group
"$1,0,000 Duck (1971)",2031,Children's|Comedy,216,2,976867230,M,45,13,52761,40-50
'Night Mother (1986),3112,"Drama,,",68,5,977883710,M,18,4,53706,10-20
'Til There Was You (1997),779,"Drama|Romance,,",38,2,978045250,F,18,4,02215,10-20
"'burbs, The (1989)",2072,"Comedy,",10,4,978230923,F,35,1,95370,30-40
...And Justice for All (1979),3420,"Drama|Thriller,,",23,2,978465796,M,35,0,90049,30-40
1-900 (1994),889,"Romance,,",3015,3,975263628,M,56,6,62707,50-60
10 Things I Hate About You (1999),2572,"Comedy|Romance,,",14,1,978200645,M,35,0,60126,30-40
101 Dalmatians (1961),2085,"Animation|Children's,,",18,4,978154907,F,18,3,95825,10-20
101 Dalmatians (1996),1367,"Children's|Comedy,,",18,1,978152203,F,18,3,95825,10-20
12 Angry Men (1957),1203,"Drama,,",10,3,979775159,F,35,1,95370,30-40
"13th Warrior, The (1999)",2826,"Action|Horror|Thriller,",10,4,978230540,F,35,1,95370,30-40
187 (1997),1609,"Drama,,",53,3,977988944,M,25,0,96931,20-30
2 Days in the Valley (1996),999,"Crime,,",12,4,978218568,M,25,12,32793,20-30
20 Dates (1998),2492,"Comedy,,",45,2,977990979,F,45,16,94110,40-50
"20,000 Leagues Under the Sea (1954)",1019,"Adventure|Children's|Fantasy|Sci-Fi,",10,4,978227763,F,35,1,95370,30-40
200 Cigarettes (1999),2504,"Comedy|Drama,,",166,3,977301276,M,18,4,92802,10-20
2001: A Space Odyssey (1968),924,"Drama|Mystery|Sci-Fi|Thriller,,",10,3,979168183,F,35,1,95370,30-40
2010 (1984),2311,"Mystery|Sci-Fi,,",17,4,978161068,M,50,1,95350,40-50
24 7: Twenty Four Seven (1997),2444,"Comedy|Drama,,",1864,5,974694483,M,35,7,94306,30-40
24-hour Woman (1998),2486,"Drama,,",528,2,980039652,F,18,17,83843,10-20
28 Days (2000),3534,"Comedy,,",3,3,978297068,M,25,15,55117,20-30
3 Ninjas: High Noon On Mega Mountain (1998),1739,"Action|Children's,,",18,1,978153912,F,18,3,95825,10-20
3 Strikes (2000),3322,"Comedy,,",1427,1,974760437,M,25,12,21401,20-30
"301, 302 (1995)",652,"Mystery,",284,2,976574064,M,25,12,91910,20-30
"39 Steps, The (1935)",965,"Thriller,",35,4,978102221,M,45,1,02482,40-50
"400 Blows, The (Les Quatre cents coups) (1959)",2731,"Drama,",14,4,978201317,M,35,0,60126,30-40
42 Up (1998),3077,"Documentary,,",149,5,1004196764,M,25,1,29205,20-30
52 Pick-Up (1986),2475,"Action|Mystery|Thriller,,",183,5,1019354775,F,45,1,55407,40-50
54 (1998),2188,"Drama,,",5,1,978241390,M,25,20,55455,20-30
"7th Voyage of Sinbad, The (1958)",3153,"Action|Adventure|Fantasy,",10,2,978229791,F,35,1,95370,30-40
8 1/2 (1963),1251,"Drama,,",35,4,978101388,M,45,1,02482,40-50
8 1/2 Women (1999),3626,"Comedy,,",376,1,982551805,M,35,1,80026,30-40
8 Heads in a Duffel Bag (1997),1503,"Comedy,,",195,3,994295840,M,25,12,10458,20-30
8 Seconds (1994),408,"Drama,,",148,4,979578065,M,50,17,57747,40-50
8MM (1999),2505,"Thriller,,",63,3,977899676,M,18,4,54902,10-20
A Chef in Love (1996),1511,"Comedy,,",331,4,976386168,M,25,7,55902,20-30
Abbott and Costello Meet Frankenstein (1948),3928,"Comedy|Horror,,",10,4,978228307,F,35,1,95370,30-40
"Abominable Snowman, The (1957)",3648,"Horror|Sci-Fi,",504,3,976209369,M,25,2,17003,20-30
About Adam (2000),3862,"Comedy,,",624,4,1006200825,M,25,1,75207,20-30
About Last Night... (1986),2262,"Comedy|Drama|Romance,,",26,5,978384764,M,25,7,23112,20-30
Above the Rim (1994),409,"Drama,,",191,4,977026737,M,18,4,04915,10-20
"Absent Minded Professor, The (1961)",2015,"Children's|Comedy|Fantasy,",10,5,978228601,F,35,1,95370,30-40
Absolute Power (1997),1459,"Mystery|Thriller,,",48,3,978013863,M,25,4,92107,20-30
"Abyss, The (1989)",1127,"Action|Adventure|Sci-Fi|Thriller,",5,1,978241390,M,25,20,55455,20-30
Ace Ventura: Pet Detective (1994),344,"Comedy,,",10,4,978229343,F,35,1,95370,30-40
Ace Ventura: When Nature Calls (1995),19,"Comedy,,",48,2,978147297,M,25,4,92107,20-30
Aces: Iron Eagle III (1992),2817,"Action|War,,",33,2,978108058,M,45,3,55421,40-50
"Acid House, The (1998)",2765,"Comedy|Drama,",1069,1,974944351,M,25,20,98105,20-30
Across the Sea of Time (1995),37,"Documentary,,",513,4,976205121,M,25,0,55119,20-30
Action Jackson (1988),3710,"Action|Comedy,,",76,2,977846589,M,35,7,55413,30-40
"Actor's Revenge, An (Yukinojo Henge) (1963)",3533,"Drama,",2665,1,974836472,M,35,11,98443,30-40
Addams Family Values (1993),410,"Comedy,,",48,2,978063621,M,25,4,92107,20-30
"Addams Family, The (1991)",2124,"Comedy,",10,3,978229208,F,35,1,95370,30-40
Addicted to Love (1997),1541,"Comedy|Romance,,",26,3,978140139,M,25,7,23112,20-30
"Addiction, The (1995)",152,"Horror,",163,1,977212892,M,18,4,85013,10-20
Adrenalin: Fear the Rush (1996),1383,"Action|Sci-Fi,,",336,1,976362039,M,18,0,98765,10-20
Adventures in Babysitting (1987),2133,"Adventure|Comedy,,",10,4,978229171,F,35,1,95370,30-40
"Adventures of Buckaroo Bonzai Across the 8th Dimension, The (1984)",3070,"Adventure|Comedy|Sci-Fi,",13,1,978202328,M,45,1,93304,40-50
"Adventures of Elmo in Grouchland, The (1999)",2886,"Children's|Comedy,",284,1,976576784,M,25,12,91910,20-30
"Adventures of Milo and Otis, The (1986)",2846,"Children's,",44,5,978042070,M,45,17,98052,40-50
"Adventures of Pinocchio, The (1996)",828,"Adventure|Children's,",403,2,976307310,M,18,4,02138,10-20
"Adventures of Priscilla, Queen of the Desert, The (1994)",345,Comedy|Drama,8,3,978230943,M,25,12,11413,20-30
"Adventures of Robin Hood, The (1938)",940,"Action|Adventure,",18,4,978154433,F,18,3,95825,10-20
"Adventures of Rocky and Bullwinkle, The (2000)",3754,"Animation|Children's|Comedy,",102,1,1039273119,M,35,19,20871,30-40
"Adventures of Sebastian Cole, The (1998)",2766,"Comedy|Drama,",11,4,978903209,F,25,1,04093,20-30
"Affair of Love, An (Une Liaison Pornographique) (1999)",3855,"Drama|Romance,",146,3,991322219,F,35,20,10954,30-40
"Affair to Remember, An (1957)",932,"Romance,",10,2,979167985,F,35,1,95370,30-40
Affliction (1997),2439,"Drama,,",69,4,977882050,F,25,1,02143,20-30
"African Queen, The (1951)",969,"Action|Adventure|Romance|War,",10,3,979167867,F,35,1,95370,30-40
After Life (1998),2624,"Drama,,",195,4,1023901704,M,25,12,10458,20-30
Afterglow (1997),1733,"Drama|Romance,,",5,3,978246450,M,25,20,55455,20-30
Against All Odds (1984),3206,"Romance,,",26,4,978141354,M,25,7,23112,20-30
"Age of Innocence, The (1993)",412,"Drama,",5,2,978245891,M,25,20,55455,20-30
Agnes Browne (1999),3124,"Comedy|Drama,,",72,4,977868532,F,45,0,55122,40-50
Agnes of God (1985),3251,"Drama|Mystery,,",44,4,1004410197,M,45,17,98052,40-50
Aimée & Jaguar (1999),3854,"Drama|Romance,,",235,5,980128200,M,25,0,98153,20-30
Aiqing wansui (1994),872,"Drama,,",3234,3,968366331,F,1,0,90012,1-10
Air America (1990),3841,"Action|Comedy,,",62,4,977905426,F,35,3,98105,30-40
Air Bud (1997),1592,"Children's|Comedy,,",75,4,977852680,F,1,10,01748,1-10
Air Bud: Golden Receiver (1998),2152,"Children's|Comedy,,",48,1,977975061,M,25,4,92107,20-30
Air Force One (1997),1608,"Action|Thriller,,",15,3,978198379,M,25,7,22903,20-30
"Air Up There, The (1994)",414,"Comedy,",202,2,976940716,M,18,4,53706,10-20
Airheads (1994),413,"Comedy,,",26,2,978139790,M,25,7,23112,20-30
Airplane II: The Sequel (1982),2792,"Comedy,,",22,3,978153241,M,18,15,53706,10-20
Airplane! (1980),2791,"Comedy,,",1,4,978302188,F,1,10,48067,1-10
Airport '77 (1977),2522,"Drama,,",513,3,976205243,M,25,0,55119,20-30
Airport (1970),2520,"Drama,,",42,4,978039010,M,25,8,24502,20-30
Airport 1975 (1974),2521,"Drama,,",319,2,1016590228,F,50,6,33436,40-50
Akira (1988),1274,"Adventure|Animation|Sci-Fi|Thriller,,",8,5,978233462,M,25,12,11413,20-30
Aladdin (1992),588,"Animation|Children's|Comedy|Musical,,",1,4,978824268,F,1,10,48067,1-10
Aladdin and the King of Thieves (1996),1064,"Animation|Children's|Comedy,,",18,2,978155020,F,18,3,95825,10-20
"Alan Smithee Film: Burn Hollywood Burn, An (1997)",1853,"Comedy,",549,3,976071524,M,25,6,53217,20-30
"Alarmist, The (1997)",2317,"Comedy,",710,3,975829602,M,25,20,85207,20-30
Alaska (1996),808,"Adventure|Children's,,",148,4,979577693,M,50,17,57747,40-50
Albino Alligator (1996),1352,"Crime|Thriller,,",53,3,977974445,M,25,0,96931,20-30
Algiers (1938),974,"Drama|Romance,,",62,3,977909249,F,35,3,98105,30-40
Alice and Martin (Alice et Martin) (1998),2773,"Drama,,",673,5,975618857,M,25,20,10023,20-30
Alice in Wonderland (1951),1032,"Animation|Children's|Musical,,",10,4,978228428,F,35,1,95370,30-40
Alien (1979),1214,"Action|Horror|Sci-Fi|Thriller,,",4,4,978294260,M,45,7,02460,40-50
Alien Escape (1995),1692,"Horror|Sci-Fi,,",602,1,975878425,F,56,6,14612,50-60
Alien Nation (1988),3701,"Crime|Drama|Sci-Fi,,",10,3,978227871,F,35,1,95370,30-40
Alien: Resurrection (1997),1690,"Action|Horror|Sci-Fi,,",2,3,978300051,M,56,16,70072,50-60
Aliens (1986),1200,"Action|Sci-Fi|Thriller|War,,",10,5,979168160,F,35,1,95370,30-40
Alien³ (1992),1320,"Action|Horror|Sci-Fi|Thriller,,",10,3,978230837,F,35,1,95370,30-40
Alive (1993),3250,"Drama,,",8,3,978230184,M,25,12,11413,20-30
All About Eve (1950),926,"Drama,,",10,4,978226212,F,35,1,95370,30-40
All About My Mother (Todo Sobre Mi Madre) (1999),3083,"Comedy|Drama,,",5,5,978244114,M,25,20,55455,20-30
All Dogs Go to Heaven (1989),2123,"Animation|Children's,,",18,3,978155097,F,18,3,95825,10-20
All Dogs Go to Heaven 2 (1996),631,"Animation|Children's|Musical,,",75,4,977852486,F,1,10,01748,1-10
All Over Me (1997),1509,"Drama,,",5,3,978244962,M,25,20,55455,20-30
All Quiet on the Western Front (1930),1927,"War,,",10,3,978225599,F,35,1,95370,30-40
All That Jazz (1979),2971,"Musical,,",78,5,977811665,F,45,1,98029,40-50
All Things Fair (1996),666,"Drama,,",1352,3,1014582351,M,35,20,94122,30-40
All the King's Men (1949),1942,"Drama,,",107,4,977534558,M,45,18,63129,40-50
All the Rage (a.k.a. It's the Rage) (1999),3867,"Drama,,",195,5,1001970457,M,25,12,10458,20-30
All the Vermeers in New York (1990),3531,"Comedy|Drama|Romance,,",302,3,976506357,M,18,4,04901,10-20
Allan Quartermain and the Lost City of Gold (1987),2748,"Action|Adventure,,",40,3,978040922,M,45,0,10543,40-50
"Alley Cats, The (1968)",3164,"Drama,",4572,4,964460301,F,1,10,17036,1-10
Alligator (1980),2525,"Action|Horror|Sci-Fi,,",117,1,977504544,M,25,17,33314,20-30
"Allnighter, The (1987)",2244,"Comedy|Romance,",805,4,975396761,M,35,12,37211,30-40
Almost Famous (2000),3897,"Comedy|Drama,,",12,4,978218949,M,25,12,32793,20-30
Almost Heroes (1998),1887,"Adventure|Comedy,,",11,2,978902286,F,25,1,04093,20-30
Alphaville (1965),680,"Sci-Fi,,",173,4,1009652659,M,25,0,45237,20-30
Alvarez Kelly (1966),2896,"Western,,",384,2,976300432,M,25,11,55075,20-30
Amadeus (1984),1225,"Drama,,",2,5,978298391,M,56,16,70072,50-60
Amateur (1994),149,"Crime|Drama|Thriller,,",205,4,976922276,M,35,12,97333,30-40
"Amazing Panda Adventure, The (1995)",146,"Adventure|Children's,",75,3,977852680,F,1,10,01748,1-10
American Beauty (1999),2858,"Comedy|Drama,,",2,4,978298434,M,56,16,70072,50-60
American Buffalo (1996),806,"Drama,,",62,3,977904167,F,35,3,98105,30-40
American Dream (1990),1169,"Documentary,,",171,3,977166938,F,50,17,55441,40-50
American Flyers (1985),3214,"Drama,,",148,3,979576382,M,50,17,57747,40-50
American Gigolo (1980),3649,"Drama,,",35,3,978101170,M,45,1,02482,40-50
American Graffiti (1973),3363,"Comedy|Drama,,",10,5,978227696,F,35,1,95370,30-40
American History X (1998),2329,"Drama,,",8,5,978229900,M,25,12,11413,20-30
American Movie (1999),3007,"Documentary,,",63,5,980111343,M,18,4,54902,10-20
American Pie (1999),2706,"Comedy,,",11,2,978902286,F,25,1,04093,20-30
American Pimp (1999),3718,"Documentary,,",149,4,977325335,M,25,1,29205,20-30
American Pop (1981),3725,"Animation|Musical,,",35,1,978102099,M,45,1,02482,40-50
"American President, The (1995)",11,"Comedy|Drama|Romance,",23,2,978465404,M,35,0,90049,30-40
American Psycho (2000),3535,"Comedy|Horror|Thriller,,",15,2,978197348,M,25,7,22903,20-30
American Strays (1996),1102,"Action,,",46,1,977979482,M,18,19,75602,10-20
"American Tail, An (1986)",2141,"Animation|Children's|Comedy,",18,5,978155039,F,18,3,95825,10-20
"American Tail: Fievel Goes West, An (1991)",2142,"Animation|Children's|Comedy,",18,3,978155072,F,18,3,95825,10-20
"American Werewolf in London, An (1981)",1321,"Horror,",19,4,978555222,M,1,10,48073,1-10
"American Werewolf in Paris, An (1997)",2793,"Comedy|Horror,",53,3,977980579,M,25,0,96931,20-30
"American in Paris, An (1951)",900,"Musical|Romance,",45,3,977988587,F,45,16,94110,40-50
Amistad (1997),1693,"Drama,,",8,3,978231121,M,25,12,11413,20-30
Amityville 1992: It's About Time (1992),1322,"Horror,,",117,3,977505482,M,25,17,33314,20-30
Amityville 3-D (1983),1323,"Horror,,",183,3,1019355921,F,45,1,55407,40-50
"Amityville Curse, The (1990)",1328,"Horror,",117,3,977506259,M,25,17,33314,20-30
"Amityville Horror, The (1979)",1327,"Horror,",19,2,978555404,M,1,10,48073,1-10
Amityville II: The Possession (1982),1326,"Horror,,",117,3,977505150,M,25,17,33314,20-30
Amityville: A New Generation (1993),1325,"Horror,,",112,2,977508385,M,25,16,97209,20-30
Amityville: Dollhouse (1996),1324,"Horror,,",967,3,975115936,F,18,0,43615,10-20
Among Giants (1998),2569,"Drama|Romance,,",229,3,976822780,M,18,10,04576,10-20
Amos & Andrew (1993),1440,"Comedy,,",453,3,976246294,M,18,4,55102,10-20
An Unforgettable Summer (1994),790,"Drama,,",2344,3,974413229,M,25,12,02139,20-30
Anaconda (1997),1499,"Action|Adventure|Thriller,,",18,1,978154104,F,18,3,95825,10-20
Analyze This (1999),2539,"Comedy,,",11,4,978904142,F,25,1,04093,20-30
Anastasia (1997),1688,"Animation|Children's|Musical,,",6,5,978237570,F,50,9,55117,40-50
Anatomy (Anatomie) (2000),3892,"Horror,,",459,4,976228948,F,18,4,55105,10-20
Anatomy of a Murder (1959),3801,"Drama|Mystery,,",141,4,977357612,M,35,13,62035,30-40
Anchors Aweigh (1945),3599,"Comedy|Musical,,",33,3,978557832,M,45,3,55421,40-50
And God Created Woman (1988),3343,"Comedy|Drama|Romance,,",225,1,976912744,M,25,7,11215,20-30
"And God Created Woman (Et Dieu&#8230,Créa la Femme) (1956)",3845,"Drama,",689,3,975583482,F,50,0,48103,40-50
And Now for Something Completely Different (1971),2788,"Comedy,,",54,5,977944535,M,50,1,56723,40-50
And the Band Played On (1993),2071,"Drama,,",33,4,978110296,M,45,3,55421,40-50
And the Ship Sails On (E la nave va) (1984),2897,"Comedy|War,,",235,4,1010265996,M,25,0,98153,20-30
Andre (1994),577,"Adventure|Children's,,",75,4,977851256,F,1,10,01748,1-10
Angel Baby (1995),1428,"Drama,,",17,3,978159762,M,50,1,95350,40-50
Angel Heart (1987),3706,"Film-Noir|Mystery|Thriller,,",36,3,978211373,M,25,3,94123,20-30
Angel and the Badman (1947),964,"Western,,",216,3,976870583,M,45,13,52761,40-50
Angel on My Shoulder (1946),960,"Crime|Drama,,",62,4,977909532,F,35,3,98105,30-40
Angela (1995),130,"Drama,,",2264,3,974580501,F,45,7,37877,40-50
Angela's Ashes (1999),3179,"Drama,,",53,5,977948848,M,25,0,96931,20-30
Angels and Insects (1995),85,"Drama|Romance,,",11,1,978902286,F,25,1,04093,20-30
Angels in the Outfield (1994),1021,"Children's|Comedy,,",26,2,978140454,M,25,7,23112,20-30
Angus (1995),700,"Comedy,,",75,5,977852761,F,1,10,01748,1-10
Animal House (1978),3421,"Comedy,,",3,4,978298147,M,25,15,55117,20-30
Anna (1996),1316,"Drama,,",3952,4,974595248,F,45,1,12449,40-50
Anna Karenina (1997),1496,"Drama|Romance,,",291,4,976564982,M,35,12,55110,30-40
Anna and the King (1999),3155,"Drama|Romance,,",8,3,978232231,M,25,12,11413,20-30
Anne Frank Remembered (1995),116,"Documentary,,",10,3,979775053,F,35,1,95370,30-40
Annie Hall (1977),1230,"Comedy|Romance,,",10,4,978226968,F,35,1,95370,30-40
Another Day in Paradise (1998),2440,"Drama,,",173,1,998596464,M,25,0,45237,20-30
Another Man's Poison (1952),3229,"Crime|Drama,,",4169,4,1000082568,M,50,0,66048,40-50
Another Stakeout (1993),415,"Comedy|Thriller,,",53,3,977975455,M,25,0,96931,20-30
Antonia's Line (Antonia) (1995),82,"Drama,,",62,5,977901017,F,35,3,98105,30-40
Antz (1998),2294,"Animation|Children's,,",1,4,978824291,F,1,10,48067,1-10
Any Given Sunday (1999),3173,"Drama,,",8,2,978232012,M,25,12,11413,20-30
Anywhere But Here (1999),3051,"Drama,,",5,2,978241434,M,25,20,55455,20-30
Aparajito (1956),669,"Drama,,",173,4,1023477818,M,25,0,45237,20-30
"Apartment, The (1960)",909,"Comedy|Drama,",45,4,977990044,F,45,16,94110,40-50
"Ape, The (1940)",3058,"Horror|Sci-Fi,",278,3,976587027,M,45,18,60482,40-50
Apocalypse Now (1979),1208,"Drama|War,,",28,3,978125427,F,25,1,14607,20-30
Apollo 13 (1995),150,"Drama,,",1,5,978301777,F,1,10,48067,1-10
"Apostle, The (1997)",1694,"Drama,",20,3,1009669071,M,25,14,55113,20-30
"Apple Dumpling Gang Rides Again, The (1979)",2016,"Children's|Comedy|Western,",48,2,978143891,M,25,4,92107,20-30
"Apple Dumpling Gang, The (1975)",1007,"Children's|Comedy|Western,",6,3,978238036,F,50,9,55117,40-50
"Apple, The (Sib) (1998)",2503,"Drama,",1069,4,974942923,M,25,20,98105,20-30
April Fool's Day (1986),1330,"Comedy|Horror,,",278,3,976586622,M,45,18,60482,40-50
Apt Pupil (1998),2320,"Drama|Thriller,,",8,2,978231802,M,25,12,11413,20-30
Arachnophobia (1990),2699,"Action|Comedy|Sci-Fi|Thriller,,",8,5,978229347,M,25,12,11413,20-30
Arguing the World (1996),1743,"Documentary,,",293,4,999472243,M,56,1,55337-4056,50-60
"Aristocats, The (1970)",616,"Animation|Children's,",18,5,978155020,F,18,3,95825,10-20
Arlington Road (1999),2707,"Thriller,,",15,4,978196389,M,25,7,22903,20-30
Armageddon (1998),1917,"Action|Adventure|Sci-Fi|Thriller,,",2,3,978300174,M,56,16,70072,50-60
Armed and Dangerous (1986),2458,"Comedy|Crime,,",130,2,977431200,M,35,17,50021,30-40
Army of Darkness (1993),1215,"Action|Adventure|Comedy|Horror|Sci-Fi,,",10,4,978225824,F,35,1,95370,30-40
Around the World in 80 Days (1956),952,"Adventure|Comedy,,",13,3,978202328,M,45,1,93304,40-50
"Arrival, The (1996)",748,"Action|Sci-Fi|Thriller,",15,3,978196103,M,25,7,22903,20-30
Arsenic and Old Lace (1944),1269,"Comedy|Mystery|Thriller,,",10,5,978226500,F,35,1,95370,30-40
"Art of War, The (2000)",3879,"Action,",17,4,978158689,M,50,1,95350,40-50
Artemisia (1997),1695,"Drama,,",293,5,976560182,M,56,1,55337-4056,50-60
Arthur (1981),3524,"Comedy|Romance,,",6,3,978236719,F,50,9,55117,40-50
As Good As It Gets (1997),1784,"Comedy|Drama,,",2,5,978298841,M,56,16,70072,50-60
Ashes of Time (1994),757,"Drama,,",2928,4,971553278,M,25,2,90068,20-30
"Asphalt Jungle, The (1950)",3364,"Crime|Film-Noir,",27,5,978129223,M,25,11,19130,20-30
Assassination (1987),2737,"Action,,",424,2,1018280033,M,25,17,55112,20-30
Assassins (1995),23,"Thriller,,",50,3,977960565,F,25,2,98133,20-30
Assault on Precinct 13 (1976),3726,"Action|Thriller,,",29,5,978136129,M,35,7,33407,30-40
"Assignment, The (1997)",1631,"Thriller,",173,3,989524941,M,25,0,45237,20-30
"Associate, The (1996)",1113,"Comedy,",438,3,976255304,M,18,11,53705,10-20
"Astronaut's Wife, The (1999)",2827,"Sci-Fi|Thriller,",48,2,978148815,M,25,4,92107,20-30
Asylum (1972),3757,"Horror,,",1017,3,975012316,M,35,0,30906,30-40
At First Sight (1999),2445,"Drama,,",199,3,976988179,M,18,4,83706,10-20
Atlantic City (1980),2130,"Crime|Drama|Romance,,",62,4,977967255,F,35,3,98105,30-40
Attack of the Killer Tomatoes! (1980),2163,"Comedy|Horror,,",22,3,978153321,M,18,15,53706,10-20
Audrey Rose (1977),1331,"Horror,,",13,4,978201342,M,45,1,93304,40-50
August (1996),660,"Drama,,",1470,2,974839366,M,18,4,94118,10-20
Auntie Mame (1958),3548,"Comedy|Drama,,",28,4,978125922,F,25,1,14607,20-30
Austin Powers: International Man of Mystery (1997),1517,"Comedy,,",5,4,978245568,M,25,20,55455,20-30
Austin Powers: The Spy Who Shagged Me (1999),2683,"Comedy,,",5,3,978241434,M,25,20,55455,20-30
Autopsy (Macchie Solari) (1975),3485,"Horror,,",2318,1,974476391,M,56,7,48114,50-60
Autumn Sonata (Höstsonaten ) (1978),2131,"Drama,,",518,5,981055482,F,35,12,75240,30-40
"Autumn Tale, An (Conte d'automne) (1998)",2708,"Romance,",35,4,978103743,M,45,1,02482,40-50
Autumn in New York (2000),3824,"Drama|Romance,,",92,1,986187060,F,18,4,44243,10-20
Avalanche (1978),2534,"Action,,",29,3,978136098,M,35,7,33407,30-40
"Avengers, The (1998)",2153,"Action|Adventure,",18,3,978154123,F,18,3,95825,10-20
Awakenings (1990),3105,"Drama,,",1,5,978301713,F,1,10,48067,1-10
"Awfully Big Adventure, An (1995)",148,"Drama,",53,5,977987826,M,25,0,96931,20-30
Ayn Rand: A Sense of Life (1997),1780,"Documentary,,",136,3,977421113,M,18,2,21202,10-20
B*A*P*S (1997),1490,"Comedy,,",329,1,979766724,M,35,7,02115,30-40
B. Monkey (1998),1770,"Romance|Thriller,,",1884,4,974701557,M,45,20,93108,40-50
BASEketball (1998),2060,"Comedy,,",90,2,993877095,M,56,13,85749,50-60
Babe (1995),34,"Children's|Comedy|Drama,,",5,4,978244603,M,25,20,55455,20-30
Babe: Pig in the City (1998),2384,"Children's|Comedy,,",5,3,978245708,M,25,20,55455,20-30
Babes in Toyland (1961),2017,"Children's|Fantasy|Musical,,",6,3,978237813,F,50,9,55117,40-50
Baby Geniuses (1999),2555,"Comedy,,",16,2,978174296,F,35,0,20670,30-40
"Baby, The (1973)",3280,"Horror,",46,5,977979487,M,18,19,75602,10-20
"Baby-Sitters Club, The (1995)",343,"Children's,",310,1,976478453,F,18,4,31207,10-20
Baby... Secret of the Lost Legend (1985),3401,"Adventure|Sci-Fi,,",166,3,977297103,M,18,4,92802,10-20
Babyfever (1994),776,"Comedy|Drama,,",193,3,977019205,F,45,15,44106,40-50
"Babysitter, The (1995)",217,"Drama|Thriller,",26,3,978271309,M,25,7,23112,20-30
Bachelor Party (1984),3525,"Comedy,,",10,2,978226500,F,35,1,95370,30-40
"Bachelor, The (1999)",3004,"Comedy|Romance,",15,2,978196389,M,25,7,22903,20-30
Back Stage (2000),3890,"Documentary,,",2104,3,974652640,M,45,15,60035,40-50
Back to School (1986),2416,"Comedy,,",22,3,978153170,M,18,15,53706,10-20
Back to the Future (1985),1270,"Comedy|Sci-Fi,,",1,5,978300055,F,1,10,48067,1-10
Back to the Future Part II (1989),2011,"Comedy|Sci-Fi,,",10,4,978228118,F,35,1,95370,30-40
Back to the Future Part III (1990),2012,"Comedy|Sci-Fi|Western,,",10,5,978228174,F,35,1,95370,30-40
Backbeat (1993),346,"Drama|Musical,,",48,3,978059946,M,25,4,92107,20-30
Backdraft (1991),3107,"Action|Drama,,",2,2,978300002,M,56,16,70072,50-60
Bad Boys (1995),145,"Action,,",22,2,980066401,M,18,15,53706,10-20
Bad Company (1995),384,"Action,,",129,4,977433509,M,25,11,20164,20-30
Bad Girls (1994),416,"Western,,",26,3,978146104,M,25,7,23112,20-30
Bad Lieutenant (1992),3272,"Crime|Drama,,",149,2,977590367,M,25,1,29205,20-30
Bad Moon (1996),1168,"Horror,,",621,3,975798581,M,18,4,93560,10-20
"Bad Seed, The (1956)",2967,"Drama|Thriller,",10,4,978227848,F,35,1,95370,30-40
Bad Taste (1987),1255,"Comedy|Horror,,",165,5,977198415,M,18,16,98502,10-20
Badlands (1973),3741,"Crime|Drama,,",23,2,978462640,M,35,0,90049,30-40
Bait (2000),3898,"Action|Comedy,,",76,3,989092194,M,35,7,55413,30-40
"Ballad of Narayama, The (Narayama Bushiko) (1958)",854,"Drama,",173,5,993227631,M,25,0,45237,20-30
"Ballad of Narayama, The (Narayama Bushiko) (1982)",2512,"Drama,",173,5,993227693,M,25,0,45237,20-30
"Ballad of Ramblin' Jack, The (2000)",3880,"Documentary,",745,1,975466715,M,1,10,90004,1-10
Balto (1995),13,"Animation|Children's,,",38,3,978046407,F,18,4,02215,10-20
"Bamba, La (1987)",3478,"Drama,",53,3,977986508,M,25,0,96931,20-30
Bambi (1942),2018,"Animation|Children's,,",1,4,978301777,F,1,10,48067,1-10
Bamboozled (2000),3943,"Comedy,,",30,5,978121687,F,35,7,19143,30-40
Bananas (1971),1078,"Comedy|War,,",35,3,978101711,M,45,1,02482,40-50
"Band Wagon, The (1953)",935,"Comedy|Musical,",146,4,1042232657,F,35,20,10954,30-40
Band of the Hand (1986),3442,"Action,,",549,2,976122846,M,25,6,53217,20-30
Bandit Queen (1994),2284,"Drama,,",127,3,988496261,F,45,3,01770,40-50
Bandits (1997),2562,"Drama,,",1181,4,976147194,M,35,7,20716,30-40
"Bank Dick, The (1940)",3929,"Comedy,",62,4,977909495,F,35,3,98105,30-40
Baraka (1992),3677,"Documentary,,",46,1,977979482,M,18,19,75602,10-20
Barb Wire (1996),737,"Action|Sci-Fi,,",18,1,978154005,F,18,3,95825,10-20
Barbarella (1968),674,"Adventure|Sci-Fi,,",23,4,978464842,M,35,0,90049,30-40
Barcelona (1994),417,"Comedy|Romance,,",78,4,978571371,F,45,1,98029,40-50
"Barefoot Executive, The (1971)",2032,"Children's|Comedy,",216,2,976867421,M,45,13,52761,40-50
Barefoot in the Park (1967),2870,"Comedy,,",31,3,978121608,M,56,7,06840,50-60
Barenaked in America (1999),3913,"Documentary,,",108,1,977527658,M,25,12,30316,20-30
Barney's Great Adventure (1998),1826,"Adventure|Children's,,",310,1,976483545,F,18,4,31207,10-20
Barry Lyndon (1975),2730,"Drama,,",149,5,995129087,M,25,1,29205,20-30
Basic Instinct (1992),1092,"Mystery|Thriller,,",15,4,978198581,M,25,7,22903,20-30
"Basketball Diaries, The (1995)",147,"Drama,",131,1,977432313,M,18,4,06520,10-20
Basquiat (1996),851,"Drama,,",102,2,1039275574,M,35,19,20871,30-40
Bastard Out of Carolina (1996),1397,"Drama,,",187,4,977078096,F,45,1,94061,40-50
"Bat Whispers, The (1930)",3151,"Crime|Drama|Mystery,",1015,2,975103496,M,35,3,11220,30-40
"Bat, The (1959)",2814,"Horror,",1140,3,974879562,F,45,2,73069,40-50
Batman & Robin (1997),1562,"Action|Adventure|Crime,,",18,1,978154104,F,18,3,95825,10-20
Batman (1989),592,"Action|Adventure|Crime|Drama,,",10,4,978227263,F,35,1,95370,30-40
Batman Forever (1995),153,"Action|Adventure|Comedy|Crime,,",10,3,978229917,F,35,1,95370,30-40
Batman Returns (1992),1377,"Action|Adventure|Comedy|Crime,,",10,3,978229894,F,35,1,95370,30-40
Batman: Mask of the Phantasm (1993),3213,"Animation|Children's,,",8,3,978233462,M,25,12,11413,20-30
Bats (1999),2974,"Horror|Thriller,,",163,1,977323525,M,18,4,85013,10-20
Battle for the Planet of the Apes (1973),2531,"Action|Sci-Fi,,",48,3,978148619,M,25,4,92107,20-30
"Battle of the Sexes, The (1959)",2299,"Comedy,",1645,4,1041975671,F,18,9,62225,10-20
Battlefield Earth (2000),3593,"Action|Sci-Fi,,",10,4,979776253,F,35,1,95370,30-40
"Battleship Potemkin, The (Bronenosets Potyomkin) (1925)",3742,"Drama|War,",59,3,977934160,F,50,1,55413,40-50
Battling Butler (1926),3012,"Comedy,,",31,2,978120886,M,56,7,06840,50-60
Bay of Blood (Reazione a catena) (1971),3119,"Horror,,",293,1,976654787,M,56,1,55337-4056,50-60
Beach Party (1963),3921,"Comedy,,",117,1,977494772,M,25,17,33314,20-30
"Beach, The (2000)",3285,"Adventure|Drama,",53,4,977948890,M,25,0,96931,20-30
Bean (1997),1665,"Comedy,,",11,2,978904327,F,25,1,04093,20-30
"Beans of Egypt, Maine, The (1994)",560,Drama,1758,4,974790869,F,25,0,33067-1400,20-30
"Bear, The (1988)",3412,"Adventure,",40,3,978039891,M,45,0,10543,40-50
Beat the Devil (1954),970,"Comedy|Drama,,",173,5,1023477818,M,25,0,45237,20-30
"Beautician and the Beast, The (1997)",1453,"Comedy|Romance,",45,2,977991699,F,45,16,94110,40-50
Beautiful (2000),3912,"Comedy|Drama,,",411,2,1040055234,F,45,1,43214,40-50
Beautiful Girls (1996),94,"Drama,,",26,3,978275270,M,25,7,23112,20-30
Beautiful People (1999),3302,"Comedy,,",151,5,990837688,F,25,20,85013,20-30
Beautiful Thing (1996),1046,"Drama|Romance,,",5,5,978244114,M,25,20,55455,20-30
Beauty (1998),2563,"Drama,,",1317,3,975215116,M,45,7,98028,40-50
Beauty and the Beast (1991),595,"Animation|Children's|Musical,,",1,5,978824268,F,1,10,48067,1-10
Beavis and Butt-head Do America (1996),1405,"Animation|Comedy,,",22,3,978135265,M,18,15,53706,10-20
Bed of Roses (1996),74,"Drama|Romance,,",26,4,978141079,M,25,7,23112,20-30
Bedknobs and Broomsticks (1971),1031,"Adventure|Children's|Musical,,",10,4,978228546,F,35,1,95370,30-40
"Bedroom Window, The (1987)",2753,"Thriller,",549,4,976116567,M,25,6,53217,20-30
Bedrooms & Hallways (1998),2837,"Comedy|Romance,,",403,2,976292230,M,18,4,02138,10-20
Beefcake (1999),2960,"Drama,,",706,3,975544259,M,35,20,78664,30-40
Beetlejuice (1988),2174,"Comedy|Fantasy,,",10,5,978227669,F,35,1,95370,30-40
Before Sunrise (1995),215,"Drama|Romance,,",5,3,978245422,M,25,20,55455,20-30
Before and After (1996),113,"Drama|Mystery,,",60,3,977932390,M,50,1,72118,40-50
Before the Rain (Pred dozhdot) (1994),214,"Drama,,",161,5,977219418,M,45,16,98107-2117,40-50
Being Human (1993),418,"Drama,,",62,2,977905773,F,35,3,98105,30-40
Being John Malkovich (1999),2997,"Comedy,,",3,3,978298147,M,25,15,55117,20-30
Being There (1979),1292,"Comedy,,",10,5,979775615,F,35,1,95370,30-40
"Believers, The (1987)",1332,"Horror|Thriller,",305,4,976497584,F,18,0,55414,10-20
Belizaire the Cajun (1986),2466,"Drama,,",660,3,976806294,M,45,16,70507,40-50
"Bell, Book and Candle (1958)",3516,"Comedy|Romance,",16,3,978174414,F,35,0,20670,30-40
Belle de jour (1967),154,"Drama,,",33,3,978108840,M,45,3,55421,40-50
"Bells, The (1926)",3517,"Crime|Drama,",1383,4,974767333,F,25,7,19806,20-30
Belly (1998),2332,"Crime|Drama,,",817,3,975390334,M,18,4,41076,10-20
Beloved (1998),2314,"Drama,,",8,3,978232056,M,25,12,11413,20-30
Beloved/Friend (Amigo/Amado) (1999),3277,"Drama,,",1741,4,974705085,M,35,7,91107,30-40
Ben-Hur (1959),1287,"Action|Adventure|Drama,,",1,5,978302039,F,1,10,48067,1-10
Beneath the Planet of the Apes (1970),2530,"Action|Sci-Fi,,",10,3,978230586,F,35,1,95370,30-40
Benji (1974),3672,"Adventure|Children's,,",55,4,977939597,F,35,12,55303,30-40
Benji the Hunted (1987),3673,"Adventure|Children's,,",166,4,977303346,M,18,4,92802,10-20
Benny & Joon (1993),1441,"Comedy|Romance,,",6,4,978236383,F,50,9,55117,40-50
Bent (1997),1696,"Drama|War,,",678,4,989241125,M,25,0,34952,20-30
Besieged (L' Assedio) (1998),2630,"Drama,,",173,2,993227512,M,25,0,45237,20-30
Best Laid Plans (1999),2842,"Crime|Drama,,",652,3,975701736,M,18,20,12222,10-20
"Best Man, The (1999)",2975,"Drama,",16,5,978174443,F,35,0,20670,30-40
"Best Man, The (Il Testimone dello sposo) (1997)",2156,"Comedy|Drama,",732,1,975487077,M,25,7,07030,20-30
Best Men (1997),1473,"Action|Comedy|Crime|Drama,,",163,2,977216985,M,18,4,85013,10-20
"Best Years of Our Lives, The (1946)",1939,"Drama|War,",67,5,977886364,F,50,5,60181,40-50
Best in Show (2000),3911,"Comedy,,",18,1,978152319,F,18,3,95825,10-20
Best of the Best 3: No Turning Back (1995),1170,"Action,,",647,1,975714074,M,35,12,85224,30-40
Betrayed (1988),3370,"Drama|Thriller,,",29,3,978122885,M,35,7,33407,30-40
Better Living (1998),3828,"Comedy,,",1470,1,974838711,M,18,4,94118,10-20
Better Living Through Circuitry (1999),3625,"Documentary,,",149,4,996939315,M,25,1,29205,20-30
Better Off Dead... (1985),1257,"Comedy,,",10,5,978227300,F,35,1,95370,30-40
Better Than Chocolate (1999),2774,"Comedy|Romance,,",36,4,1016224902,M,25,3,94123,20-30
"Beverly Hillbillies, The (1993)",419,"Comedy,",48,2,978148015,M,25,4,92107,20-30
Beverly Hills Cop III (1994),420,"Action|Comedy,,",19,4,978299698,M,1,10,48073,1-10
Beverly Hills Ninja (1997),1431,"Action|Comedy,,",3,3,978297095,M,25,15,55117,20-30
"Bewegte Mann, Der (1994)",811,"Comedy,",235,3,980128799,M,25,0,98153,20-30
Beyond Rangoon (1995),155,"Drama|War,,",35,3,978100415,M,45,1,02482,40-50
Beyond Silence (1996),1893,"Drama,,",507,4,979064124,F,25,0,55405,20-30
Beyond the Mat (2000),3327,"Documentary,,",113,1,977507053,M,18,12,37032,10-20
Beyond the Poseidon Adventure (1979),2537,"Adventure,,",40,1,978040922,M,45,0,10543,40-50
Bhaji on the Beach (1993),568,"Comedy|Drama,,",78,4,978570648,F,45,1,98029,40-50
Bicentennial Man (1999),3156,"Comedy|Drama|Sci-Fi,,",17,4,978160993,M,50,1,95350,40-50
"Bicycle Thief, The (Ladri di biciclette) (1948)",3089,"Drama,",59,4,977934357,F,50,1,55413,40-50
Big (1988),2797,"Comedy|Fantasy,,",1,4,978302039,F,1,10,48067,1-10
"Big Blue, The (Le Grand Bleu) (1988)",1216,"Adventure|Romance,",13,3,978202491,M,45,1,93304,40-50
Big Bully (1996),75,"Comedy|Drama,,",331,1,984154084,M,25,7,55902,20-30
"Big Carnival, The (1951)",3736,"Drama,",97,5,977622721,F,35,3,66210,30-40
"Big Chill, The (1983)",2352,"Comedy|Drama,",24,4,978132040,F,25,7,10023,20-30
"Big Combo, The (1955)",3292,"Film-Noir,",146,5,1042576426,F,35,20,10954,30-40
"Big Country, The (1958)",3368,"Romance|Western,",461,4,976231987,M,50,7,55075,40-50
Big Daddy (1999),2694,"Comedy,,",14,1,978200689,M,35,0,60126,30-40
"Big Green, The (1995)",54,"Children's|Comedy,",48,2,978066953,M,25,4,92107,20-30
"Big Hit, The (1998)",1866,"Action|Comedy,",163,3,977219410,M,18,4,85013,10-20
"Big Kahuna, The (2000)",3566,"Comedy|Drama,",15,2,978197314,M,25,7,22903,20-30
"Big Lebowski, The (1998)",1732,"Comedy|Crime|Mystery|Thriller,",5,5,978245740,M,25,20,55455,20-30
Big Momma's House (2000),3646,"Comedy,,",15,3,978199149,M,25,7,22903,20-30
Big Night (1996),994,"Drama,,",5,5,978244540,M,25,20,55455,20-30
"Big One, The (1997)",1827,"Comedy|Documentary,",36,5,978103870,M,25,3,94123,20-30
"Big Sleep, The (1946)",1284,"Film-Noir|Mystery,",17,5,978159013,M,50,1,95350,40-50
"Big Squeeze, The (1996)",847,"Comedy|Drama,",46,1,977979482,M,18,19,75602,10-20
"Big Tease, The (1999)",3240,"Comedy,",329,3,976394085,M,35,7,02115,30-40
"Big Trees, The (1952)",3314,"Action|Drama,",560,5,976049914,M,45,15,81335,40-50
Big Trouble in Little China (1986),3740,"Action|Comedy,,",23,5,993706593,M,35,0,90049,30-40
Bikini Beach (1964),3922,"Comedy,,",165,4,977200260,M,18,16,98502,10-20
Billy Madison (1995),216,"Comedy,,",11,4,978904376,F,25,1,04093,20-30
Billy's Holiday (1995),658,"Drama,,",454,3,1025574350,M,25,20,55092,20-30
Billy's Hollywood Screen Kiss (1997),2029,"Comedy|Romance,,",5,4,978246555,M,25,20,55455,20-30
Bio-Dome (1996),65,"Comedy,,",22,3,981605647,M,18,15,53706,10-20
Bird on a Wire (1990),3705,"Action|Adventure|Romance|Thriller,,",18,3,978154005,F,18,3,95825,10-20
"Birdcage, The (1996)",141,"Comedy,",15,4,978198350,M,25,7,22903,20-30
"Birds, The (1963)",1333,"Horror,",33,5,978558219,M,45,3,55421,40-50
Birdy (1984),3342,"Drama|War,,",53,5,977950236,M,25,0,96931,20-30
Bitter Moon (1992),347,"Drama,,",439,3,976244197,M,35,14,55129,30-40
Bitter Sugar (Azucar Amargo) (1996),1058,"Drama,,",195,3,1017773556,M,25,12,10458,20-30
Bittersweet Motel (2000),3881,"Documentary,,",2885,5,972452947,F,18,1,80302,10-20
Black Beauty (1994),421,"Adventure|Children's,,",13,5,978202491,M,45,1,93304,40-50
"Black Cat, White Cat (Crna macka, beli macor) (1998)",2843,Comedy|Romance,327,4,976398364,M,35,18,55448,30-40
"Black Cauldron, The (1985)",2033,"Animation|Children's,",10,3,978224675,F,35,1,95370,30-40
Black Dog (1998),1869,"Action|Thriller,,",163,1,977220141,M,18,4,85013,10-20
"Black Hole, The (1979)",2034,"Sci-Fi,",42,4,978039711,M,25,8,24502,20-30
Black Mask (Hak hap) (1996),2625,"Action,,",73,3,977867161,M,18,4,53706,10-20
"Black Sabbath (Tre Volti Della Paura, I) (1963)",3832,"Horror,",424,4,1035207453,M,25,17,55112,20-30
Black Sheep (1996),88,"Comedy,,",11,4,978904663,F,25,1,04093,20-30
Black Sunday (La Maschera Del Demonio) (1960),3205,"Horror,,",1186,5,1037566763,M,18,19,98502,10-20
Black Tar Heroin: The Dark End of the Street (1999),3303,"Documentary,,",1435,4,974757820,M,25,14,48103,20-30
Black and White (1999),3509,"Drama,,",50,2,977960860,F,25,2,98133,20-30
Blackbeard's Ghost (1968),2035,"Children's|Comedy,,",165,4,977200283,M,18,16,98502,10-20
Blackmail (1929),2221,"Thriller,,",1224,5,975168003,M,50,13,02125,40-50
Blade (1998),2167,"Action|Adventure|Horror,,",3,5,978297600,M,25,15,55117,20-30
Blade Runner (1982),541,"Film-Noir|Sci-Fi,,",10,5,978225630,F,35,1,95370,30-40
"Blair Witch Project, The (1999)",2710,"Horror,",11,3,978220867,F,25,1,04093,20-30
Blame It on Rio (1984),2259,"Comedy|Romance,,",23,2,993706924,M,35,0,90049,30-40
Blank Check (1994),2036,"Children's|Comedy,,",75,5,978749521,F,1,10,01748,1-10
Blast from the Past (1999),2496,"Comedy|Romance,,",10,4,978227087,F,35,1,95370,30-40
Blazing Saddles (1974),3671,"Comedy|Western,,",3,5,978297419,M,25,15,55117,20-30
Bless the Child (2000),3857,"Thriller,,",127,3,989617514,F,45,3,01770,40-50
Blind Date (1987),3394,"Comedy|Romance,,",148,4,979576562,M,50,17,57747,40-50
Blink (1994),422,"Thriller,,",331,4,1000153251,M,25,7,55902,20-30
Bliss (1997),987,"Drama|Romance,,",151,3,993118038,F,25,20,85013,20-30
"Blob, The (1958)",1334,"Horror|Sci-Fi,",19,3,978555404,M,1,10,48073,1-10
Blood & Wine (1997),1351,"Drama,,",331,5,984153750,M,25,7,55902,20-30
Blood Beach (1981),1335,"Action|Horror,,",278,3,976587498,M,45,18,60482,40-50
Blood Feast (1963),3344,"Horror,,",293,1,976654787,M,56,1,55337-4056,50-60
Blood For Dracula (Andy Warhol's Dracula) (1974),1329,"Horror,,",117,3,977505087,M,25,17,33314,20-30
"Blood In, Blood Out (a.k.a. Bound by Honor) (1993)",3761,"Crime|Drama,",199,2,976987667,M,18,4,83706,10-20
Blood Simple (1984),3683,"Drama|Film-Noir,,",27,5,978129223,M,25,11,19130,20-30
"Blood Spattered Bride, The (La Novia Ensangrentada) (1972)",3651,"Horror,",293,1,976654787,M,56,1,55337-4056,50-60
Blood and Sand (Sangre y Arena) (1989),3458,"Drama|Romance,,",1778,3,975575708,M,18,4,94704,10-20
Blood on the Sun (1945),3154,"Drama|War,,",128,3,977434232,M,56,6,37922,50-60
"Blood, Guts, Bullets and Octane (1998)",2487,Action|Comedy,516,3,976279675,F,56,14,55033,50-60
Bloodsport (1988),3444,"Action,,",73,5,981605045,M,18,4,53706,10-20
Bloodsport 2 (1995),667,"Action,,",93,1,977633309,M,25,17,95825,20-30
"Bloody Child, The (1996)",1165,"Drama|Thriller,",293,1,976654828,M,56,1,55337-4056,50-60
Blow-Out (La Grande Bouffe) (1973),3655,"Drama,,",59,3,1041967510,F,50,1,55413,40-50
Blown Away (1994),423,"Action|Thriller,,",48,3,978066355,M,25,4,92107,20-30
Blowup (1966),3788,"Drama|Mystery,,",35,4,978101459,M,45,1,02482,40-50
"Blue Angel, The (Blaue Engel, Der) (1930)",978,Drama,59,3,977934263,F,50,1,55413,40-50
Blue Chips (1994),424,"Drama,,",26,3,978145105,M,25,7,23112,20-30
Blue Collar (1978),3304,"Crime|Drama,,",123,3,977448265,M,35,9,67208,30-40
Blue Hawaii (1961),3600,"Comedy|Musical,,",6,3,978237813,F,50,9,55117,40-50
"Blue Lagoon, The (1980)",2950,"Adventure|Drama|Romance,",26,3,978147235,M,25,7,23112,20-30
Blue Sky (1994),425,"Drama|Romance,,",24,4,986157070,F,25,7,10023,20-30
Blue Streak (1999),2860,"Comedy,,",19,5,978554075,M,1,10,48073,1-10
Blue Velvet (1986),2076,"Drama|Mystery,,",11,4,978908976,F,25,1,04093,20-30
Blue in the Face (1995),156,"Comedy,,",78,2,978570873,F,45,1,98029,40-50
Bluebeard (1944),3305,"Film-Noir|Horror,,",1258,4,974821275,M,45,7,20879,40-50
Blues Brothers 2000 (1998),1772,"Action|Comedy|Musical,,",19,4,978299844,M,1,10,48073,1-10
"Blues Brothers, The (1980)",1220,"Action|Comedy|Musical,",10,4,978227912,F,35,1,95370,30-40
"Boat, The (Das Boot) (1981)",1233,"Action|Drama|War,",9,3,978225303,M,25,17,61614,20-30
Bob Roberts (1992),1171,"Comedy,,",5,4,978244852,M,25,20,55455,20-30
Body Heat (1981),2917,"Crime|Thriller,,",23,5,978462452,M,35,0,90049,30-40
Body Parts (1991),1336,"Horror,,",424,2,1017694394,M,25,17,55112,20-30
Body Shots (1999),2979,"Drama,,",70,5,977877734,M,18,4,53703,10-20
"Body Snatcher, The (1945)",1337,"Horror,",51,4,977947270,F,1,10,10562,1-10
Body Snatchers (1993),426,"Horror|Sci-Fi|Thriller,,",148,4,977354280,M,50,17,57747,40-50
"Bodyguard, The (1992)",3257,"Action|Drama|Romance|Thriller,",2,3,978300073,M,56,16,70072,50-60
Bogus (1996),885,"Children's|Drama|Fantasy,,",75,4,977851559,F,1,10,01748,1-10
Boiler Room (2000),3298,"Drama,,",9,4,978225686,M,25,17,61614,20-30
Boiling Point (1993),3165,"Action|Drama,,",204,3,978039866,M,25,7,92123,20-30
"Bone Collector, The (1999)",3005,"Thriller,",15,4,978196442,M,25,7,22903,20-30
Bonfire of the Vanities (1990),3130,"Comedy,,",26,3,978146180,M,25,7,23112,20-30
"Bonheur, Le (1965)",1534,"Drama,",1713,2,974705435,M,25,0,47421,20-30
Bonnie and Clyde (1967),1084,"Crime|Drama,,",2,3,978298813,M,56,16,70072,50-60
Boogie Nights (1997),1673,"Drama,,",8,5,978230356,M,25,12,11413,20-30
Boomerang (1992),122,"Comedy|Romance,,",26,2,978141322,M,25,7,23112,20-30
"Boondock Saints, The (1999)",3275,"Action|Comedy,",149,4,996939065,M,25,1,29205,20-30
Bootmen (2000),3944,"Comedy|Drama,,",629,1,975783457,F,1,10,48154,1-10
Booty Call (1997),1468,"Comedy|Romance,,",20,3,1009669071,M,25,14,55113,20-30
Born American (1986),3443,"Action|Drama|Thriller,,",2909,5,971971272,M,25,7,43228,20-30
Born Yesterday (1950),3341,"Comedy,,",31,4,978121786,M,56,7,06840,50-60
Born to Win (1971),3212,"Drama,,",1470,3,974838528,M,18,4,94118,10-20
"Borrowers, The (1997)",1848,"Adventure|Children's|Comedy|Fantasy,",53,3,977981604,M,25,0,96931,20-30
Bossa Nova (1999),3567,"Comedy,,",35,3,978103340,M,45,1,02482,40-50
Bottle Rocket (1996),101,"Comedy,,",123,5,977527442,M,35,9,67208,30-40
Bound (1996),866,"Crime|Drama|Romance|Thriller,,",5,4,978245334,M,25,20,55455,20-30
Bound for Glory (1976),3371,"Drama,,",146,3,979940996,F,35,20,10954,30-40
Bowfinger (1999),2770,"Comedy,,",5,4,978241981,M,25,20,55455,20-30
Boxing Helena (1993),427,"Mystery|Romance|Thriller,,",53,1,977975723,M,25,0,96931,20-30
"Boy Called Hate, A (1995)",814,"Drama,",881,3,1013537411,M,18,14,76401,10-20
"Boy Who Could Fly, The (1986)",2453,"Drama|Fantasy,",10,4,978228798,F,35,1,95370,30-40
Boys (1996),703,"Drama,,",1137,2,974876640,M,18,4,13165,10-20
Boys Don't Cry (1999),2908,"Drama,,",5,4,978241981,M,25,20,55455,20-30
Boys Life (1995),388,"Drama,,",187,4,977077617,F,45,1,94061,40-50
Boys Life 2 (1997),1471,"Drama,,",225,2,976830687,M,25,7,11215,20-30
Boys and Girls (2000),3743,"Comedy|Romance,,",61,1,977903428,M,25,17,95122,20-30
"Boys from Brazil, The (1978)",3204,"Thriller,",33,4,978983262,M,45,3,55421,40-50
"Boys of St. Vincent, The (1993)",121,"Drama,",493,4,976214786,M,50,7,55016,40-50
Boys on the Side (1995),218,"Comedy|Drama,,",45,3,977991584,F,45,16,94110,40-50
"Boys, The (1997)",2695,"Drama,",203,2,976928647,F,18,4,53715,10-20
Braddock: Missing in Action III (1988),3768,"Action|War,,",73,3,981605091,M,18,4,53706,10-20
"Brady Bunch Movie, The (1995)",585,"Comedy,",21,3,978138933,M,18,16,99353,10-20
"Brain That Wouldn't Die, The (1962)",3833,"Horror|Sci-Fi,",278,3,976587177,M,45,18,60482,40-50
Braindead (1992),1241,"Comedy|Horror,,",59,1,1041968245,F,50,1,55413,40-50
Bram Stoker's Dracula (1992),1339,"Horror|Romance,,",10,5,979168036,F,35,1,95370,30-40
"Brandon Teena Story, The (1998)",3281,"Documentary,",175,4,977110817,F,25,2,95123,20-30
Brassed Off (1996),1542,"Comedy|Drama|Romance,,",95,2,977627775,M,45,0,98201,40-50
Braveheart (1995),110,"Action|Drama|War,,",2,5,978298625,M,56,16,70072,50-60
Brazil (1985),1199,"Sci-Fi,,",23,3,978463893,M,35,0,90049,30-40
Bread and Chocolate (Pane e cioccolata) (1973),615,"Drama,,",59,4,977934105,F,50,1,55413,40-50
Breakdown (1997),1518,"Action|Thriller,,",42,4,978041143,M,25,8,24502,20-30
Breaker Morant (1980),3811,"Drama|War,,",59,4,977934160,F,50,1,55413,40-50
"Breakfast Club, The (1985)",1968,"Comedy|Drama,",2,2,978298881,M,56,16,70072,50-60
Breakfast at Tiffany's (1961),902,"Drama|Romance,,",2,2,978298905,M,56,16,70072,50-60
Breakfast of Champions (1999),2507,"Comedy,,",11,1,978904711,F,25,1,04093,20-30
Breaking Away (1979),3359,"Drama,,",10,3,978227125,F,35,1,95370,30-40
Breaking the Waves (1996),1354,"Drama,,",131,4,977454290,M,18,4,06520,10-20
Breathless (1983),3584,"Action|Drama|Romance|Thriller,,",26,4,978147104,M,25,7,23112,20-30
Brenda Starr (1989),3166,"Adventure,,",1470,1,974836551,M,18,4,94118,10-20
Bride of Chucky (1998),2315,"Horror|Thriller,,",53,3,977975723,M,25,0,96931,20-30
Bride of Frankenstein (1935),1340,"Horror,,",19,3,978555317,M,1,10,48073,1-10
Bride of Re-Animator (1990),3013,"Comedy|Horror,,",117,3,977503780,M,25,17,33314,20-30
Bride of the Monster (1956),3340,"Horror|Sci-Fi,,",33,4,978108740,M,45,3,55421,40-50
"Bridge at Remagen, The (1969)",3372,"Action|War,",299,4,976689077,M,25,12,97370,20-30
"Bridge on the River Kwai, The (1957)",1250,"Drama|War,",5,5,978241112,M,25,20,55455,20-30
"Bridges of Madison County, The (1995)",105,"Drama|Romance,",8,4,978232056,M,25,12,11413,20-30
Brief Encounter (1946),2927,"Drama|Romance,,",88,5,977695397,F,45,1,02476,40-50
Brighton Beach Memoirs (1986),2736,"Comedy,,",117,2,977497458,M,25,17,33314,20-30
Bring It On (2000),3882,"Comedy,,",61,4,977903177,M,25,17,95122,20-30
Bringing Out the Dead (1999),2976,"Drama|Horror,,",14,3,978200300,M,35,0,60126,30-40
Bringing Up Baby (1938),955,"Comedy,,",27,5,978129392,M,25,11,19130,20-30
Broadcast News (1987),2243,"Comedy|Drama|Romance,,",14,3,978200300,M,35,0,60126,30-40
Broadway Damage (1997),3131,"Comedy,,",1227,4,976904399,M,50,1,90027,40-50
"Broadway Melody, The (1929)",1926,"Musical,",68,3,977882471,M,18,4,53706,10-20
Brokedown Palace (1999),2771,"Drama,,",77,2,977813725,M,18,4,15321,10-20
Broken Arrow (1996),95,"Action|Thriller,,",2,2,978300143,M,56,16,70072,50-60
Broken English (1996),1519,"Drama,,",1001,3,976296847,M,25,4,90210,20-30
"Broken Hearts Club, The (2000)",3914,"Drama,",85,4,977715152,M,18,4,94945,10-20
Broken Vessels (1998),2703,"Drama,,",5675,3,976029116,M,35,14,30030,30-40
Bronco Billy (1980),3834,"Adventure|Drama|Romance,,",146,4,979940207,F,35,20,10954,30-40
"Bronx Tale, A (1993)",428,"Drama,",9,3,978226580,M,25,17,61614,20-30
Brother Minister: The Assassination of Malcolm X (1994),404,"Documentary,,",5105,3,962337582,M,50,7,18977,40-50
"Brother from Another Planet, The (1984)",3700,"Drama|Sci-Fi,",17,4,978160792,M,50,1,95350,40-50
"Brother's Kiss, A (1997)",1510,"Drama,",1470,2,974915454,M,18,4,94118,10-20
"Brother, Can You Spare a Dime? (1975)",2981,"Documentary,",850,4,975356779,M,35,0,60640,30-40
"Brothers McMullen, The (1995)",144,"Comedy,",28,2,978982281,F,25,1,14607,20-30
Brothers in Trouble (1995),744,"Drama,,",889,3,975254959,M,45,20,10024,40-50
Brown's Requiem (1998),3352,"Drama,,",1877,3,977432836,F,45,20,90069,40-50
"Browning Version, The (1994)",211,"Drama,",131,3,977431628,M,18,4,06520,10-20
Buck and the Preacher (1972),3373,"Western,,",3201,3,968624354,M,45,7,35216,40-50
Buddy (1997),1551,"Adventure|Children's|Drama,,",75,4,977851407,F,1,10,01748,1-10
"Buddy Holly Story, The (1978)",2866,"Drama,",123,4,978046694,M,35,9,67208,30-40
Buena Vista Social Club (1999),2677,"Documentary,,",38,4,978045361,F,18,4,02215,10-20
Buffalo 66 (1998),1916,"Action|Comedy|Drama,,",8,5,978229293,M,25,12,11413,20-30
Buffy the Vampire Slayer (1992),3264,"Comedy|Horror,,",10,3,978230671,F,35,1,95370,30-40
"Bug's Life, A (1998)",2355,"Animation|Children's|Comedy,",1,5,978824291,F,1,10,48067,1-10
Bull Durham (1988),3361,"Comedy,,",24,4,978132232,F,25,7,10023,20-30
Bulletproof (1996),886,"Action,,",52,4,977947828,M,18,4,72212,10-20
Bullets Over Broadway (1994),348,"Comedy,,",5,4,978245863,M,25,20,55455,20-30
Bulworth (1998),1883,"Comedy,,",15,3,978198442,M,25,7,22903,20-30
Burglar (1987),3715,"Comedy,,",176,4,977099660,F,18,3,55016,10-20
Burnt By the Sun (Utomlyonnye solntsem) (1994),213,"Drama,,",138,5,977362167,M,18,20,22203,10-20
Burnt Offerings (1976),1341,"Horror,,",390,4,976304586,M,25,4,55405,20-30
Bushwhacked (1995),212,"Comedy,,",475,1,976218866,F,25,2,55421,20-30
Bustin' Loose (1981),3014,"Comedy,,",123,3,978046098,M,35,9,67208,30-40
But I'm a Cheerleader (1999),3786,"Comedy,,",5,3,978241981,M,25,20,55455,20-30
Butch Cassidy and the Sundance Kid (1969),1304,"Action|Comedy|Western,,",3,5,978298166,M,25,15,55117,20-30
"Butcher Boy, The (1998)",1699,"Drama,",33,1,978559237,M,45,3,55421,40-50
"Butcher's Wife, The (1991)",2266,"Comedy|Romance,",26,3,978142510,M,25,7,23112,20-30
Butterfly (La Lengua de las Mariposas) (2000),3746,"Drama|War,,",131,3,977430796,M,18,4,06520,10-20
Butterfly Kiss (1995),696,"Thriller,,",1352,3,1016776052,M,35,20,94122,30-40
"Bye Bye, Love (1995)",603,"Comedy,",123,3,977596671,M,35,9,67208,30-40
Bye-Bye (1995),878,"Drama,,",3985,4,965624683,M,45,16,01880,40-50
Cabaret (1972),3545,"Musical|War,,",59,4,1041966886,F,50,1,55413,40-50
Cabaret Balkan (Bure Baruta) (1998),2830,"Drama,,",173,4,980007607,M,25,0,45237,20-30
Cabin Boy (1994),429,"Comedy,,",22,4,980066054,M,18,15,53706,10-20
"Cabinet of Dr. Ramirez, The (1991)",2251,"Comedy,",733,4,975482730,M,35,16,30034,30-40
"Cable Guy, The (1996)",784,"Comedy,",10,3,978230946,F,35,1,95370,30-40
Caddyshack (1980),3552,"Comedy,,",3,5,978298459,M,25,15,55117,20-30
Calendar Girl (1993),430,"Drama,,",202,3,976938672,M,18,4,53706,10-20
Caligula (1980),2862,"Drama,,",146,1,1022870542,F,35,20,10954,30-40
"Callejón de los milagros, El (1995)",1795,"Drama,",195,5,991013952,M,25,12,10458,20-30
Can't Hardly Wait (1998),1895,"Comedy|Drama|Romance,,",34,3,978102800,F,18,0,02135,10-20
Canadian Bacon (1994),157,"Comedy|War,,",25,3,978133433,M,18,4,01609,10-20
"Candidate, The (1972)",1082,"Drama,",62,4,977968918,F,35,3,98105,30-40
Candleshoe (1977),2037,"Adventure|Children's|Comedy,,",45,2,977991699,F,45,16,94110,40-50
Candyman (1992),1342,"Horror,,",53,2,977980747,M,25,0,96931,20-30
Candyman: Farewell to the Flesh (1995),606,"Horror,,",117,3,977505439,M,25,17,33314,20-30
Cape Fear (1962),1344,"Film-Noir|Thriller,,",18,3,978154296,F,18,3,95825,10-20
Cape Fear (1991),1343,"Thriller,,",9,3,978226261,M,25,17,61614,20-30
Captain Horatio Hornblower (1951),3406,"Action|Adventure|War,,",40,4,978041189,M,45,0,10543,40-50
Captives (1994),712,"Drama,,",1164,4,975469426,F,25,19,90020,20-30
Career Girls (1997),1596,"Drama,,",97,4,977621670,F,35,3,66210,30-40
Careful (1992),751,"Comedy,,",235,3,976771373,M,25,0,98153,20-30
Carlito's Way (1993),431,"Crime|Drama,,",23,3,978462554,M,35,0,90049,30-40
Carmen (1984),3222,"Drama,,",238,4,976766727,F,50,7,90291,40-50
Carmen Miranda: Bananas Is My Business (1994),756,"Documentary,,",826,3,975373636,F,35,1,80210,30-40
Carnal Knowledge (1971),3167,"Drama,,",33,3,978109591,M,45,3,55421,40-50
Carnival of Souls (1962),3627,"Horror|Thriller,,",139,1,977362435,F,25,20,45409,20-30
Carnosaur (1993),3572,"Horror|Sci-Fi,,",262,2,976660314,F,25,1,68503,20-30
Carnosaur 2 (1995),3573,"Horror|Sci-Fi,,",278,3,976587415,M,45,18,60482,40-50
Carnosaur 3: Primal Species (1996),3574,"Horror|Sci-Fi,,",889,1,975249805,M,45,20,10024,40-50
Carpool (1996),867,"Comedy|Crime,,",302,2,976507136,M,18,4,04901,10-20
Carrie (1976),1345,"Horror,,",10,3,978229295,F,35,1,95370,30-40
Carried Away (1996),630,"Drama|Romance,,",62,4,977904634,F,35,3,98105,30-40
"Carriers Are Waiting, The (Les Convoyeurs Attendent) (1999)",3407,"Comedy|Drama,",644,1,975719775,M,25,20,93704,20-30
Carrington (1995),35,"Drama|Romance,,",45,2,977988890,F,45,16,94110,40-50
Casablanca (1942),912,"Drama|Romance|War,,",6,4,978236122,F,50,9,55117,40-50
Casino (1995),16,"Drama|Thriller,,",5,3,978245645,M,25,20,55455,20-30
Casper (1995),158,"Adventure|Children's,,",18,4,978154534,F,18,3,95825,10-20
"Castaway Cowboy, The (1974)",3601,"Comedy|Western,",1395,4,993402870,M,25,2,07026,20-30
Castle Freak (1995),220,"Horror,,",859,4,975343644,M,25,12,10128,20-30
"Castle, The (1997)",2618,"Comedy,",392,4,976303986,M,18,7,20037,10-20
Cat Ballou (1965),3873,"Comedy|Western,,",45,3,977990222,F,45,16,94110,40-50
Cat People (1982),1346,"Horror,,",202,1,976935814,M,18,4,53706,10-20
"Cat from Outer Space, The (1978)",2038,"Children's|Comedy|Sci-Fi,",53,4,977948959,M,25,0,96931,20-30
Cat on a Hot Tin Roof (1958),971,"Drama,,",10,5,978227551,F,35,1,95370,30-40
Cat's Eye (1985),2787,"Horror,,",53,4,977980579,M,25,0,96931,20-30
Catfish in Black Bean Sauce (2000),3883,"Comedy|Drama,,",113,1,977507339,M,18,12,37032,10-20
Cats Don't Dance (1997),1489,"Animation|Children's|Musical,,",75,4,977852600,F,1,10,01748,1-10
Catwalk (1995),108,"Documentary,,",975,4,975122663,M,35,0,98136,30-40
Caught (1996),997,"Drama|Thriller,,",331,4,1000152439,M,25,7,55902,20-30
Cavalcade (1933),1930,"Drama,,",169,4,977208529,M,25,7,55439,20-30
Cecil B. Demented (2000),3858,"Comedy,,",149,4,987345808,M,25,1,29205,20-30
"Celebration, The (Festen) (1998)",2360,"Drama,",138,5,977362181,M,18,20,22203,10-20
Celebrity (1998),2356,"Comedy,,",45,3,977992062,F,45,16,94110,40-50
Celestial Clockwork (1994),863,"Comedy,,",35,2,978100391,M,45,1,02482,40-50
"Cell, The (2000)",3863,"Sci-Fi|Thriller,",17,3,978158779,M,50,1,95350,40-50
"Celluloid Closet, The (1995)",581,"Documentary,",5,3,978244808,M,25,20,55455,20-30
Celtic Pride (1996),710,"Comedy,,",202,1,976941110,M,18,4,53706,10-20
"Cement Garden, The (1993)",1437,"Drama,",90,3,993874395,M,56,13,85749,50-60
Cemetery Man (Dellamorte Dellamore) (1994),735,"Comedy|Horror,,",53,4,977980147,M,25,0,96931,20-30
Center Stage (2000),3594,"Drama,,",17,3,978158779,M,50,1,95350,40-50
Central Station (Central do Brasil) (1998),2357,"Drama,,",74,5,983916046,M,35,14,94530,30-40
Century (1993),607,"Drama,,",4169,3,991268567,M,50,0,66048,40-50
Chain Reaction (1996),836,"Action|Adventure|Thriller,,",48,3,978066530,M,25,4,92107,20-30
Chain of Fools (2000),3323,"Comedy|Crime,,",5334,3,960796159,F,56,13,46140,50-60
Chairman of the Board (1998),1679,"Comedy,,",302,1,976507585,M,18,4,04901,10-20
"Chamber, The (1996)",1006,"Drama,",331,2,984154084,M,25,7,55902,20-30
"Chambermaid on the Titanic, The (1998)",2157,"Romance,",87,1,977694357,M,25,14,48360,20-30
"Champ, The (1979)",3428,"Drama,",424,3,1017850209,M,25,17,55112,20-30
Character (Karakter) (1997),1860,"Drama,,",111,4,977512296,M,35,15,55416,30-40
Charade (1963),911,"Comedy|Mystery|Romance|Thriller,,",23,5,978466366,M,35,0,90049,30-40
Chariots of Fire (1981),1957,"Drama,,",2,5,978298750,M,56,16,70072,50-60
"Charlie, the Lonesome Cougar (1967)",3345,"Adventure|Children's,",284,2,976575542,M,25,12,91910,20-30
Charlotte's Web (1973),2137,"Animation|Children's,,",10,4,978227842,F,35,1,95370,30-40
Chasers (1994),564,"Comedy,,",157,3,977250291,M,35,16,12866,30-40
Chasing Amy (1997),1639,"Drama|Romance,,",8,5,978229702,M,25,12,11413,20-30
Cheetah (1989),2039,"Adventure|Children's,,",2106,1,974756684,F,18,20,495321,10-20
Chicken Run (2000),3751,"Animation|Children's|Comedy,,",9,4,978224859,M,25,17,61614,20-30
Child's Play (1988),1991,"Horror,,",22,2,978155249,M,18,15,53706,10-20
Child's Play 2 (1990),1992,"Horror,,",117,1,977505087,M,25,17,33314,20-30
Child's Play 3 (1992),1993,"Horror,,",117,1,977505117,M,25,17,33314,20-30
"Children of Heaven, The (Bacheha-Ye Aseman) (1997)",1900,"Drama,",131,5,977430574,M,18,4,06520,10-20
Children of Paradise (Les enfants du paradis) (1945),2920,"Drama|Romance,,",14,5,978200528,M,35,0,60126,30-40
Children of a Lesser God (1986),2312,"Drama,,",2,3,978299046,M,56,16,70072,50-60
Children of the Corn (1984),2122,"Horror|Thriller,,",22,3,978137167,M,18,15,53706,10-20
Children of the Corn II: The Final Sacrifice (1993),2515,"Horror,,",117,2,977505439,M,25,17,33314,20-30
Children of the Corn III (1994),2516,"Horror,,",163,1,977323447,M,18,4,85013,10-20
Children of the Corn IV: The Gathering (1996),1105,"Horror,,",195,1,981676581,M,25,12,10458,20-30
Children of the Damned (1963),2554,"Horror|Sci-Fi|Thriller,,",17,3,978160739,M,50,1,95350,40-50
Children of the Revolution (1996),1516,"Comedy,,",149,5,977325775,M,25,1,29205,20-30
Chill Factor (1999),2835,"Action|Thriller,,",163,1,977220360,M,18,4,85013,10-20
Chinatown (1974),1252,"Film-Noir|Mystery|Thriller,,",10,3,979775409,F,35,1,95370,30-40
Chinese Box (1997),1829,"Drama|Romance,,",731,2,975528402,M,45,3,55410,40-50
Choices (1981),2254,"Drama,,",1632,2,974719851,M,25,16,94120,20-30
Chopping Mall (a.k.a. Killbots) (1986),2614,"Action|Horror|Sci-Fi,,",192,1,977089475,M,18,1,10977,10-20
Christine (1983),2517,"Horror,,",53,4,977980624,M,25,0,96931,20-30
"Christmas Carol, A (1938)",1099,"Drama,",62,4,977909249,F,35,3,98105,30-40
"Christmas Story, A (1983)",2804,"Comedy|Drama,",1,5,978300719,F,1,10,48067,1-10
Christmas Vacation (1989),2423,"Comedy,,",10,5,978228930,F,35,1,95370,30-40
Chuck & Buck (2000),3794,"Comedy|Drama,,",57,4,977935656,M,18,19,30350,10-20
Chungking Express (1994),123,"Drama|Mystery|Romance,,",35,4,978102705,M,45,1,02482,40-50
Chushingura (1962),3092,"Drama,,",53,5,977981809,M,25,0,96931,20-30
"Ciao, Professore! (Io speriamo che me la cavo ) (1993)",573,"Drama,",187,4,977232512,F,45,1,94061,40-50
"Cider House Rules, The (1999)",3148,"Drama,",8,3,978230248,M,25,12,11413,20-30
Cimarron (1931),1928,"Western,,",169,3,977208505,M,25,7,55439,20-30
Cinderella (1950),1022,"Animation|Children's|Musical,,",1,5,978300055,F,1,10,48067,1-10
Cinema Paradiso (1988),1172,"Comedy|Drama|Romance,,",35,4,978100951,M,45,1,02482,40-50
Circle of Friends (1995),222,"Drama|Romance,,",18,3,978156638,F,18,3,95825,10-20
Circus (2000),3899,"Comedy,,",629,1,975783457,F,1,10,48154,1-10
"Circus, The (1928)",3306,"Comedy,",698,3,1015123794,M,18,4,76401,10-20
Citizen Kane (1941),923,"Drama,,",10,3,980638575,F,35,1,95370,30-40
Citizen Ruth (1996),1392,"Comedy|Drama,,",5,4,978245645,M,25,20,55455,20-30
Citizen's Band (a.k.a. Handle with Care) (1977),2923,"Comedy,,",1015,3,981859366,M,35,3,11220,30-40
City Hall (1996),100,"Drama|Thriller,,",53,5,977975029,M,25,0,96931,20-30
City Lights (1931),3307,"Comedy|Drama|Romance,,",53,5,977981973,M,25,0,96931,20-30
City Slickers II: The Legend of Curly's Gold (1994),432,"Comedy|Western,,",26,2,978145481,M,25,7,23112,20-30
City of Angels (1998),1835,"Romance,,",34,4,978104466,F,18,0,02135,10-20
City of Industry (1997),1472,"Crime|Thriller,,",129,4,977435217,M,25,11,20164,20-30
"City of Lost Children, The (1995)",29,"Adventure|Sci-Fi,",5,5,978245065,M,25,20,55455,20-30
City of the Living Dead (Paura nella città dei morti viventi) (1980),3652,"Horror,,",1733,2,1041753491,M,18,14,43725,10-20
"City, The (1998)",2994,"Drama,",187,4,977077076,F,45,1,94061,40-50
"Civil Action, A (1998)",2433,"Drama,",15,4,978198735,M,25,7,22903,20-30
"Clan of the Cave Bear, The (1986)",2147,"Drama,",59,2,1041962639,F,50,1,55413,40-50
Clara's Heart (1988),3714,"Drama,,",238,3,976767042,F,50,7,90291,40-50
Class (1983),2241,"Comedy,,",23,3,978460855,M,35,0,90049,30-40
Class Reunion (1982),3313,"Comedy,,",549,3,976122751,M,25,6,53217,20-30
Class of Nuke 'Em High (1986),3692,"Comedy|Horror,,",278,2,976587283,M,45,18,60482,40-50
Clay Pigeons (1998),2280,"Crime,,",110,4,977514460,M,25,2,90803,20-30
Clean Slate (1994),433,"Comedy,,",202,3,976941019,M,18,4,53706,10-20
Clean Slate (Coup de Torchon) (1981),681,"Crime,,",304,4,976502399,M,25,0,55414,20-30
Clear and Present Danger (1994),349,"Action|Adventure|Thriller,,",2,4,978299839,M,56,16,70072,50-60
Cleo From 5 to 7 (Cléo de 5 à 7) (1962),3645,"Drama,,",302,2,976508652,M,18,4,04901,10-20
Clerks (1994),223,"Comedy,,",9,4,978226165,M,25,17,61614,20-30
"Client, The (1994)",350,"Drama|Mystery|Thriller,",26,3,978144538,M,25,7,23112,20-30
Cliffhanger (1993),434,"Action|Adventure|Crime,,",2,2,978300174,M,56,16,70072,50-60
Clockers (1995),159,"Drama,,",49,5,977972299,M,18,12,77084,10-20
Clockwatchers (1997),1875,"Comedy,,",36,3,978063899,M,25,3,94123,20-30
"Clockwork Orange, A (1971)",1206,"Sci-Fi,",17,5,978160490,M,50,1,95350,40-50
Close Encounters of the Third Kind (1977),3471,"Drama|Sci-Fi,,",2,5,978298814,M,56,16,70072,50-60
"Close Shave, A (1995)",745,"Animation|Comedy|Thriller,",1,3,978824268,F,1,10,48067,1-10
"Closer You Get, The (2000)",3353,"Comedy|Romance,",1865,4,976586255,F,18,1,94606,10-20
Clue (1985),2413,"Comedy|Mystery,,",22,3,978153241,M,18,15,53706,10-20
Clueless (1995),39,"Comedy|Romance,,",5,3,978245037,M,25,20,55455,20-30
Cobb (1994),354,"Drama,,",202,3,976938433,M,18,4,53706,10-20
Cobra (1925),2777,"Drama,,",2907,4,972180772,F,35,5,12345,30-40
Cocoon (1985),2407,"Comedy|Sci-Fi,,",10,5,979168184,F,35,1,95370,30-40
Cocoon: The Return (1988),2408,"Comedy|Sci-Fi,,",42,3,978040056,M,25,8,24502,20-30
Cold Comfort Farm (1995),728,"Comedy,,",5,4,978244759,M,25,20,55455,20-30
Cold Fever (Á köldum klaka) (1994),649,"Comedy|Drama,,",131,4,977454276,M,18,4,06520,10-20
Coldblooded (1995),394,"Action,,",881,5,975264344,M,18,14,76401,10-20
"Collectionneuse, La (1967)",823,"Drama,",1274,4,1031911152,M,45,7,37343,40-50
"Colonel Chabert, Le (1994)",389,"Drama|Romance|War,",889,3,975254747,M,45,20,10024,40-50
Color Me Blood Red (1965),3346,"Horror,,",293,1,976654828,M,56,1,55337-4056,50-60
"Color Purple, The (1985)",2739,"Drama,",18,5,978156836,F,18,3,95825,10-20
"Color of Money, The (1986)",2474,"Drama,",35,2,978101193,M,45,1,02482,40-50
Color of Night (1994),436,"Drama|Thriller,,",53,3,977975206,M,25,0,96931,20-30
"Color of Paradise, The (Rang-e Khoda) (1999)",3456,"Drama,",173,4,979251859,M,25,0,45237,20-30
Coma (1978),3015,"Thriller,,",62,4,977969066,F,35,3,98105,30-40
Come See the Paradise (1990),3106,"Drama|Romance,,",319,3,976420217,F,50,6,33436,40-50
Coming Apart (1969),3542,"Drama,,",1150,4,974869135,F,25,20,75226,20-30
Coming Home (1978),3724,"Drama|War,,",62,3,977968678,F,35,3,98105,30-40
Commandments (1997),1520,"Romance,,",1647,4,974804776,M,18,18,98118,10-20
"Commitments, The (1991)",3060,"Comedy|Drama,",35,4,978103202,M,45,1,02482,40-50
Committed (2000),3562,"Comedy|Drama,,",225,3,977257068,M,25,7,11215,20-30
Communion (1989),3758,"Drama|Sci-Fi|Thriller,,",42,4,978040019,M,25,8,24502,20-30
"Communion (a.k.a. Alice, Sweet Alice/Holy Terror) (1977)",2853,"Horror,",390,3,976304163,M,25,4,55405,20-30
"Computer Wore Tennis Shoes, The (1970)",2040,"Children's|Comedy,",10,4,978227003,F,35,1,95370,30-40
Con Air (1997),1552,"Action|Adventure|Thriller,,",2,3,978299941,M,56,16,70072,50-60
Conan the Barbarian (1982),1587,"Action|Adventure,,",13,3,978202543,M,45,1,93304,40-50
Conceiving Ada (1997),3293,"Drama|Sci-Fi,,",411,4,976894519,F,45,1,43214,40-50
"Concorde: Airport '79, The (1979)",2536,"Drama,",660,2,976806807,M,45,16,70507,40-50
Condition Red (1995),624,"Action|Drama|Thriller,,",4874,4,962781918,F,25,4,70808,20-30
Condorman (1981),2041,"Action|Adventure|Children's|Comedy,,",10,3,978227300,F,35,1,95370,30-40
Coneheads (1993),435,"Comedy|Sci-Fi,,",10,4,978229498,F,35,1,95370,30-40
"Confessional, The (Le Confessionnal) (1995)",59,"Drama|Mystery,",777,3,975604013,M,18,19,87543,10-20
"Conformist, The (Il Conformista) (1970)",2925,"Drama,",131,3,977453674,M,18,4,06520,10-20
Congo (1995),160,"Action|Adventure|Mystery|Sci-Fi,,",15,2,978212507,M,25,7,22903,20-30
Conquest of the Planet of the Apes (1972),2532,"Action|Sci-Fi,,",48,3,978066474,M,25,4,92107,20-30
Conspiracy Theory (1997),1597,"Action|Mystery|Romance|Thriller,,",2,3,978300025,M,56,16,70072,50-60
Contact (1997),1584,"Drama|Sci-Fi,,",9,5,978226233,M,25,17,61614,20-30
Contempt (Le Mépris) (1963),1572,"Drama,,",173,5,1009652696,M,25,0,45237,20-30
"Contender, The (2000)",3952,"Drama|Thriller,",23,4,978461000,M,35,0,90049,30-40
"Convent, The (Convento, O) (1995)",827,Drama,4161,3,965335291,M,45,0,90404,40-50
"Conversation, The (1974)",3730,"Drama|Mystery,",27,5,978128920,M,25,11,19130,20-30
Coogan's Bluff (1968),3427,"Crime,,",216,3,976870554,M,45,13,52761,40-50
"Cook the Thief His Wife & Her Lover, The (1989)",1173,"Drama,",53,3,977986492,M,25,0,96931,20-30
Cookie's Fortune (1999),2583,"Mystery,,",60,4,977932390,M,50,1,72118,40-50
"Cool Dry Place, A (1998)",1807,"Drama,",123,4,977595816,M,35,9,67208,30-40
Cool Hand Luke (1967),1276,"Comedy|Drama,,",10,3,979168446,F,35,1,95370,30-40
Cool Runnings (1993),1020,"Comedy,,",10,3,978228726,F,35,1,95370,30-40
Cool as Ice (1991),3437,"Drama,,",53,1,977988994,M,25,0,96931,20-30
Cop Land (1997),1589,"Crime|Drama|Mystery,,",8,4,978230943,M,25,12,11413,20-30
Cops and Robbersons (1994),437,"Comedy,,",62,2,977906491,F,35,3,98105,30-40
Copycat (1995),22,"Crime|Drama|Thriller,,",53,4,977974311,M,25,0,96931,20-30
"Corrina, Corrina (1994)",351,"Comedy|Drama|Romance,",10,4,978229562,F,35,1,95370,30-40
"Corruptor, The (1999)",2540,"Action|Crime|Drama|Thriller,",36,4,978211440,M,25,3,94123,20-30
Cosi (1996),705,"Comedy,,",396,4,976297194,M,25,1,56187,20-30
Cotton Mary (1999),3288,"Drama,,",1877,1,977432537,F,45,20,90069,40-50
"Couch in New York, A (1996)",3874,"Comedy|Romance,",45,3,977988489,F,45,16,94110,40-50
Country (1984),3110,"Drama,,",33,4,978982170,M,45,3,55421,40-50
Country Life (1994),687,"Drama|Romance,,",123,2,979399501,M,35,9,67208,30-40
Courage Under Fire (1996),647,"Drama|War,,",2,3,978299351,M,56,16,70072,50-60
Cousin Bette (1998),1896,"Comedy,,",151,3,993119682,F,25,20,85013,20-30
"Cowboy Way, The (1994)",438,"Action|Comedy,",87,1,977694723,M,25,14,48360,20-30
Coyote Ugly (2000),3825,"Drama,,",85,3,977715111,M,18,4,94945,10-20
"Cradle Will Rock, The (1999)",3145,"Drama,",15,3,978198535,M,25,7,22903,20-30
"Craft, The (1996)",724,"Drama|Horror,",26,3,978145618,M,25,7,23112,20-30
Crash (1996),1483,"Drama|Thriller,,",53,3,977975232,M,25,0,96931,20-30
Crazy in Alabama (1999),2977,"Comedy|Drama,,",157,3,977249539,M,35,16,12866,30-40
Creature Comforts (1990),3429,"Animation|Comedy,,",32,3,978119364,F,25,0,19355,20-30
"Creature From the Black Lagoon, The (1954)",3930,"Horror,",19,3,978555317,M,1,10,48073,1-10
Creepshow (1982),3016,"Horror,,",5,4,978242016,M,25,20,55455,20-30
Creepshow 2 (1987),3017,"Horror,,",22,3,978155205,M,18,15,53706,10-20
"Crew, The (2000)",3884,"Comedy,",134,1,1005596085,M,25,0,66212,20-30
Crime and Punishment in Suburbia (2000),3900,"Comedy|Drama,,",517,4,976204181,F,25,14,55408,20-30
Crimes and Misdemeanors (1989),2973,"Comedy,,",23,3,993706369,M,35,0,90049,30-40
Crimes of the Heart (1986),2738,"Comedy|Drama,,",45,3,977990926,F,45,16,94110,40-50
Criminal Lovers (Les Amants Criminels) (1999),3800,"Drama|Romance,,",850,5,975359445,M,35,0,60640,30-40
"Crimson Pirate, The (1952)",3417,"Adventure|Comedy|Sci-Fi,",13,3,978202283,M,45,1,93304,40-50
Crimson Tide (1995),161,"Drama|Thriller|War,,",8,3,978230435,M,25,12,11413,20-30
Critical Care (1997),1677,"Comedy,,",45,2,977991192,F,45,16,94110,40-50
Crocodile Dundee (1986),2470,"Adventure|Comedy,,",3,4,978297777,M,25,15,55117,20-30
Crocodile Dundee II (1988),2471,"Adventure|Comedy,,",34,2,978104253,F,18,0,02135,10-20
Cronos (1992),565,"Horror,,",33,3,978983262,M,45,3,55421,40-50
Crooklyn (1994),352,"Comedy,,",157,4,977249899,M,35,16,12866,30-40
Cross of Iron (1977),3339,"War,,",279,5,976583361,M,25,14,91214,20-30
Crossfire (1947),1068,"Crime|Film-Noir,,",173,3,977942524,M,25,0,45237,20-30
"Crossing Guard, The (1995)",78,"Drama,",62,3,977902755,F,35,3,98105,30-40
Croupier (1998),3783,"Crime|Drama,,",76,4,989092318,M,35,7,55413,30-40
"Crow, The (1994)",353,"Action|Romance|Thriller,",5,2,978246504,M,25,20,55455,20-30
"Crow: City of Angels, The (1996)",839,"Action|Thriller,",18,1,978154050,F,18,3,95825,10-20
"Crow: Salvation, The (2000)",3563,"Action|Horror,",229,2,1039502543,M,18,10,04576,10-20
"Crucible, The (1996)",1366,"Drama,",62,2,977904283,F,35,3,98105,30-40
"Crude Oasis, The (1995)",821,"Romance,",855,3,975466935,F,18,2,72701,10-20
Cruel Intentions (1999),2541,"Drama,,",8,3,978231031,M,25,12,11413,20-30
"Cruise, The (1998)",2323,"Documentary,",5,4,978245445,M,25,20,55455,20-30
Crumb (1994),162,"Documentary,,",5,4,978244624,M,25,20,55455,20-30
"Crush, The (1993)",3835,"Thriller,",22,2,978137118,M,18,15,53706,10-20
"Cry in the Dark, A (1988)",3211,"Drama,",123,3,977530435,M,35,9,67208,30-40
"Cry, the Beloved Country (1995)",40,"Drama,",69,5,977881894,F,25,1,02143,20-30
"Crying Game, The (1992)",1094,"Drama|Romance|War,",18,4,978156595,F,18,3,95825,10-20
Cube (1997),2232,"Sci-Fi|Thriller,,",53,4,977976467,M,25,0,96931,20-30
Cujo (1983),2121,"Horror|Thriller,,",117,1,977504598,M,25,17,33314,20-30
"Cup, The (Phörpa) (1999)",3241,"Comedy,",173,3,1009652594,M,25,0,45237,20-30
Curdled (1996),1000,"Crime,,",474,5,976240118,M,25,17,92126,20-30
"Cure, The (1995)",219,"Drama,",1246,4,976729052,M,18,4,98225,10-20
"Curse of Frankenstein, The (1957)",2652,"Horror,",117,4,977505087,M,25,17,33314,20-30
Curse of the Puppet Master (1998),3665,"Horror|Sci-Fi|Thriller,,",308,1,995838073,M,25,2,10025,20-30
Cutter's Way (1981),3731,"Drama|Thriller,,",173,3,1009652956,M,25,0,45237,20-30
Cutthroat Island (1995),15,"Action|Adventure|Romance,,",48,2,978066555,M,25,4,92107,20-30
"Cutting Edge, The (1992)",3270,"Drama,",9,3,978226448,M,25,17,61614,20-30
Cyclo (1995),850,"Crime|Drama,,",670,3,975628289,M,25,12,30303,20-30
Cyrano de Bergerac (1990),1277,"Action|Drama|Romance,,",8,3,978229614,M,25,12,11413,20-30
"Cérémonie, La (1995)",1406,"Drama,",389,1,976298856,M,25,6,68128,20-30
D2: The Mighty Ducks (1994),2042,"Children's|Comedy,,",18,1,978155392,F,18,3,95825,10-20
D3: The Mighty Ducks (1996),1005,"Children's|Comedy,,",18,1,978155434,F,18,3,95825,10-20
Daddy Long Legs (1919),3132,"Comedy,,",128,4,977434232,M,56,6,37922,50-60
Dadetown (1995),1138,"Documentary,,",1147,5,974873713,M,25,20,98101,20-30
Daens (1992),701,"Drama,,",4169,4,976588990,M,50,0,66048,40-50
Damien: Omen II (1978),2789,"Horror,,",19,3,978554929,M,1,10,48073,1-10
"Damsel in Distress, A (1937)",1067,"Comedy|Musical|Romance,",333,4,996352987,M,35,2,55410,30-40
Dance with Me (1998),2168,"Drama|Romance,,",45,3,977988330,F,45,16,94110,40-50
Dancemaker (1998),2538,"Documentary,,",838,5,975360647,M,50,17,92661,40-50
Dancer in the Dark (2000),3910,"Drama|Musical,,",59,3,977934960,F,50,1,55413,40-50
"Dancer, Texas Pop. 81 (1998)",1870,"Comedy|Drama,",261,4,976670187,M,25,20,75801,20-30
Dances with Wolves (1990),590,"Adventure|Drama|Western,,",2,5,978299083,M,56,16,70072,50-60
Dancing at Lughnasa (1998),2341,"Drama,,",62,4,977901122,F,35,3,98105,30-40
Dangerous Beauty (1998),1758,"Drama,,",401,4,976295164,M,18,0,55129,10-20
Dangerous Game (1993),439,"Drama,,",4635,5,964037004,M,18,4,94703,10-20
Dangerous Ground (1997),981,"Drama,,",3032,5,970356057,M,25,0,47303,20-30
Dangerous Liaisons (1988),2020,"Drama|Romance,,",18,5,978156773,F,18,3,95825,10-20
Dangerous Minds (1995),31,"Drama,,",181,4,977087101,M,18,17,33186,10-20
Dante's Peak (1997),1438,"Action|Thriller,,",22,1,978136973,M,18,15,53706,10-20
Darby O'Gill and the Little People (1959),2043,"Adventure|Children's|Fantasy,,",10,5,978228989,F,35,1,95370,30-40
Dark City (1998),1748,"Film-Noir|Sci-Fi|Thriller,,",17,5,978160157,M,50,1,95350,40-50
Dark Command (1940),3644,"Western,,",1214,3,974843210,M,56,13,94558,50-60
"Dark Crystal, The (1982)",2140,"Children's|Fantasy|Sci-Fi,",10,5,979168295,F,35,1,95370,30-40
"Dark Half, The (1993)",2898,"Horror|Mystery,",163,1,977323385,M,18,4,85013,10-20
Date with an Angel (1987),3393,"Comedy|Fantasy,,",53,4,977981686,M,25,0,96931,20-30
Daughter of Dr. Jeckyll (1957),3762,"Horror,,",3476,1,968949398,M,50,0,44126,40-50
Daughters of the Dust (1992),3374,"Drama,,",392,2,976551270,M,18,7,20037,10-20
Dave (1993),440,"Comedy|Romance,,",11,2,978220361,F,25,1,04093,20-30
"Davy Crockett, King of the Wild Frontier (1955)",1008,"Western,",148,3,979575644,M,50,17,57747,40-50
"Day of the Beast, The (El Día de la bestia) (1995)",2483,"Comedy|Horror|Thriller,",195,4,1002222193,M,25,12,10458,20-30
"Day the Earth Stood Still, The (1951)",1253,"Drama|Sci-Fi,",2,3,978299120,M,56,16,70072,50-60
Daylight (1996),798,"Action|Adventure|Thriller,,",22,1,978137118,M,18,15,53706,10-20
Days of Heaven (1978),2932,"Drama,,",33,2,978985480,M,45,3,55421,40-50
Days of Thunder (1990),1100,"Action|Romance,,",26,2,978141233,M,25,7,23112,20-30
"Daytrippers, The (1996)",1484,"Mystery,",220,5,976998237,M,25,12,22903,20-30
Dazed and Confused (1993),441,"Comedy,,",11,3,978220561,F,25,1,04093,20-30
Dead Again (1991),3044,"Mystery|Romance|Thriller,,",23,3,978466204,M,35,0,90049,30-40
Dead Calm (1989),3203,"Thriller,,",33,3,978110296,M,45,3,55421,40-50
Dead Man (1995),714,"Western,,",5,4,978244493,M,25,20,55455,20-30
Dead Man Walking (1995),36,"Drama,,",5,3,978244808,M,25,20,55455,20-30
Dead Man on Campus (1998),2169,"Comedy,,",92,2,977647003,F,18,4,44243,10-20
Dead Men Don't Wear Plaid (1982),2110,"Comedy|Crime|Thriller,,",44,3,1004409998,M,45,17,98052,40-50
Dead Poets Society (1989),1246,"Drama,,",1,4,978302091,F,1,10,48067,1-10
Dead Presidents (1995),42,"Action|Crime|Drama,,",8,3,978232754,M,25,12,11413,20-30
Dead Ringers (1988),2551,"Drama|Thriller,,",123,2,977592452,M,35,9,67208,30-40
"Dead Zone, The (1983)",2118,"Horror|Thriller,",23,3,978466204,M,35,0,90049,30-40
Deadly Friend (1986),2465,"Horror,,",390,4,976311509,M,25,4,55405,20-30
Deadtime Stories (1987),2754,"Horror,,",390,4,976311461,M,25,4,55405,20-30
Dear Diary (Caro Diario) (1994),583,"Comedy|Drama,,",87,1,977694356,M,25,14,48360,20-30
Dear God (1996),1167,"Comedy,,",107,3,977532223,M,45,18,63129,40-50
Dear Jesse (1997),1901,"Documentary,,",777,2,975604013,M,18,19,87543,10-20
Death Becomes Her (1992),3258,"Comedy,,",22,3,978154420,M,18,15,53706,10-20
Death Wish (1974),3430,"Action|Drama,,",62,2,977969170,F,35,3,98105,30-40
Death Wish 3 (1985),3432,"Action|Drama,,",148,3,977334396,M,50,17,57747,40-50
Death Wish 4: The Crackdown (1987),3433,"Action|Drama,,",148,4,979576890,M,50,17,57747,40-50
Death Wish II (1982),3431,"Action|Drama,,",148,3,977334484,M,50,17,57747,40-50
Death Wish V: The Face of Death (1994),3434,"Action|Drama,,",148,3,979579334,M,50,17,57747,40-50
Death and the Maiden (1994),229,"Drama|Thriller,,",5,3,978246528,M,25,20,55455,20-30
Death in Brunswick (1991),868,"Comedy,,",3860,3,965859710,M,45,17,44129,40-50
"Death in the Garden (Mort en ce jardin, La) (1956)",820,"Drama,",4169,4,1014686602,M,50,0,66048,40-50
Deceiver (1997),1671,"Crime,,",930,2,975190639,M,25,5,98380,20-30
"Decline of Western Civilization Part II: The Metal Years, The (1988)",3680,"Documentary,",173,4,979251558,M,25,0,45237,20-30
"Decline of Western Civilization, The (1981)",3679,"Documentary,",139,5,977360585,F,25,20,45409,20-30
Deconstructing Harry (1997),1701,"Comedy|Drama,,",8,4,978231659,M,25,12,11413,20-30
Deep Blue Sea (1999),2722,"Action|Sci-Fi|Thriller,,",16,2,978174490,F,35,0,20670,30-40
"Deep End of the Ocean, The (1999)",2546,"Drama,",41,3,978040861,F,18,4,15116,10-20
Deep Impact (1998),1876,"Action|Drama|Sci-Fi|Thriller,,",18,3,978153584,F,18,3,95825,10-20
Deep Rising (1998),1762,"Action|Horror|Sci-Fi,,",48,3,978066388,M,25,4,92107,20-30
"Deer Hunter, The (1978)",1263,"Drama|War,",14,5,978201280,M,35,0,60126,30-40
Defending Your Life (1991),3358,"Comedy|Romance,,",10,5,978226378,F,35,1,95370,30-40
Defying Gravity (1997),3575,"Drama,,",678,4,989237678,M,25,0,34952,20-30
Delicatessen (1991),1175,"Comedy|Sci-Fi,,",5,5,978244759,M,25,20,55455,20-30
Deliverance (1972),2871,"Adventure|Thriller,,",3,4,978297539,M,25,15,55117,20-30
Delta of Venus (1994),698,"Drama,,",1069,2,974943274,M,25,20,98105,20-30
Demolition Man (1993),442,"Action|Sci-Fi,,",2,3,978300025,M,56,16,70072,50-60
Denise Calls Up (1995),633,"Comedy,,",45,2,977991342,F,45,16,94110,40-50
Dersu Uzala (1974),3470,"Adventure|Drama,,",155,5,977256904,M,35,12,07470,30-40
Desert Bloom (1986),2345,"Drama,,",216,4,976869748,M,45,13,52761,40-50
Desert Blue (1999),2678,"Drama,,",63,3,977900274,M,18,4,54902,10-20
"Designated Mourner, The (1997)",1543,"Drama,",131,4,977598234,M,18,4,06520,10-20
Desperado (1995),163,"Action|Romance|Thriller,,",2,4,978299809,M,56,16,70072,50-60
Desperate Measures (1998),1598,"Crime|Drama|Thriller,,",272,3,976696566,M,18,0,80302,10-20
Desperately Seeking Susan (1985),2369,"Comedy|Romance,,",16,5,978174535,F,35,0,20670,30-40
Destination Moon (1950),3375,"Sci-Fi,,",17,4,978160887,M,50,1,95350,40-50
Destiny Turns on the Radio (1995),228,"Comedy,,",352,4,976335199,M,18,4,60115,10-20
Deterrence (1998),3318,"Thriller,,",293,3,999471881,M,56,1,55337-4056,50-60
Detroit 9000 (1973),2308,"Action|Crime,,",4812,2,962932391,M,18,14,25301,10-20
Detroit Rock City (1999),2772,"Comedy,,",39,4,978043872,M,18,4,61820,10-20
Deuce Bigalow: Male Gigolo (1999),3146,"Comedy,,",11,3,978904939,F,25,1,04093,20-30
Devil Girl From Mars (1954),3486,"Sci-Fi,,",1140,5,974878391,F,45,2,73069,40-50
"Devil Rides Out, The (1968)",3875,"Horror,",535,1,976138188,M,35,6,95370,30-40
"Devil and Max Devlin, The (1981)",2044,"Comedy,",424,3,1017243113,M,25,17,55112,20-30
Devil in a Blue Dress (1995),164,"Crime|Film-Noir|Mystery|Thriller,,",17,4,978161166,M,50,1,95350,40-50
"Devil's Advocate, The (1997)",1645,"Crime|Horror|Mystery|Thriller,",15,3,978212228,M,25,7,22903,20-30
"Devil's Brigade, The (1968)",3367,"War,",245,2,976828741,M,35,16,66046,30-40
"Devil's Own, The (1997)",1488,"Action|Drama|Thriller|War,",8,3,978231982,M,25,12,11413,20-30
Diabolique (1996),640,"Drama|Thriller,,",62,2,977906623,F,35,3,98105,30-40
Dial M for Murder (1954),1086,"Mystery|Thriller,,",33,4,978109513,M,45,3,55421,40-50
Diamonds (1999),3149,"Mystery,,",211,4,976907714,M,45,17,90620,40-50
Dick (1999),2759,"Comedy,,",5,3,978242080,M,25,20,55455,20-30
Dick Tracy (1990),2616,"Action|Crime,,",12,1,978218568,M,25,12,32793,20-30
Die Hard (1988),1036,"Action|Thriller,,",4,4,978294282,M,45,7,02460,40-50
Die Hard 2 (1990),1370,"Action|Thriller,,",2,5,978299889,M,56,16,70072,50-60
Die Hard: With a Vengeance (1995),165,"Action|Thriller,,",2,3,978300002,M,56,16,70072,50-60
Diebinnen (1995),826,"Drama,,",87,1,977694356,M,25,14,48360,20-30
Different for Girls (1996),3282,"Comedy,,",78,4,978571175,F,45,1,98029,40-50
Digging to China (1998),2233,"Drama,,",1069,1,974944748,M,25,20,98105,20-30
Digimon: The Movie (2000),3945,"Adventure|Animation|Children's,,",204,1,976922805,M,25,7,92123,20-30
Diner (1982),3543,"Comedy|Drama,,",26,5,978141633,M,25,7,23112,20-30
Dingo (1992),853,"Drama,,",1333,5,974778445,M,25,17,06460,20-30
"Dinner Game, The (Le Dîner de cons) (1998)",2696,"Comedy,",131,4,977431198,M,18,4,06520,10-20
Dinosaur (2000),3615,"Animation|Children's,,",48,3,977975473,M,25,4,92107,20-30
Dirty Dancing (1987),1088,"Musical|Romance,,",6,5,978236670,F,50,9,55117,40-50
"Dirty Dozen, The (1967)",2944,"Action|War,",29,5,978135871,M,35,7,33407,30-40
Dirty Work (1998),2195,"Comedy,,",19,3,978554246,M,1,10,48073,1-10
Disclosure (1994),225,"Drama|Thriller,,",62,2,977928513,F,35,3,98105,30-40
"Distinguished Gentleman, The (1992)",3120,"Comedy,",22,3,978154139,M,18,15,53706,10-20
Disturbing Behavior (1998),2026,"Horror|Thriller,,",117,1,977504544,M,25,17,33314,20-30
Diva (1981),1264,"Action|Drama|Mystery|Romance|Thriller,,",35,5,978102272,M,45,1,02482,40-50
Do the Right Thing (1989),3424,"Comedy|Drama,,",24,4,978132011,F,25,7,10023,20-30
Doctor Dolittle (1967),2135,"Adventure|Musical,,",10,4,978224779,F,35,1,95370,30-40
Doctor Dolittle (1998),1911,"Comedy,,",16,3,978174535,F,35,0,20670,30-40
Doctor Zhivago (1965),2067,"Drama|Romance|War,,",2,5,978298625,M,56,16,70072,50-60
Dog Day Afternoon (1975),3362,"Comedy|Crime|Drama,,",12,3,978220273,M,25,12,32793,20-30
Dog Park (1998),2884,"Comedy|Romance,,",45,2,977989445,F,45,16,94110,40-50
"Dog of Flanders, A (1999)",2831,"Drama,",1172,3,974867241,F,25,0,61801,20-30
"Dog's Life, A (1920)",3309,"Comedy,",10,3,979775054,F,35,1,95370,30-40
Dogma (1999),3052,"Comedy,,",22,4,978153880,M,18,15,53706,10-20
Dolores Claiborne (1994),230,"Drama|Thriller,,",8,4,978231637,M,25,12,11413,20-30
Don Juan DeMarco (1995),224,"Comedy|Drama|Romance,,",5,3,978245829,M,25,20,55455,20-30
Don't Be a Menace to South Central While Drinking Your Juice in the Hood (1996),63,"Comedy,,",90,4,993877525,M,56,13,85749,50-60
Don't Look in the Basement! (1973),2854,"Horror,,",424,3,1017839380,M,25,17,55112,20-30
Donnie Brasco (1997),1466,"Crime|Drama,,",5,3,978245695,M,25,20,55455,20-30
"Doom Generation, The (1995)",166,"Comedy|Drama,",63,3,980111189,M,18,4,54902,10-20
"Doors, The (1991)",1093,"Drama|Musical,",5,2,978242080,M,25,20,55455,20-30
"Dorado, El (1967)",3487,"Western,",245,4,976828392,M,35,16,66046,30-40
Double Happiness (1994),341,"Drama,,",53,5,977985310,M,25,0,96931,20-30
Double Indemnity (1944),3435,"Crime|Film-Noir,,",23,4,978462195,M,35,0,90049,30-40
Double Jeopardy (1999),2881,"Action|Thriller,,",2,3,978300002,M,56,16,70072,50-60
"Double Life of Veronique, The (La Double Vie de Véronique) (1991)",1176,"Drama,",30,5,978121997,F,35,7,19143,30-40
Double Team (1997),1497,"Action,,",163,1,977220194,M,18,4,85013,10-20
Doug's 1st Movie (1999),2566,"Animation|Children's,,",92,1,986187462,F,18,4,44243,10-20
Down Periscope (1996),135,"Comedy,,",26,2,978140333,M,25,7,23112,20-30
Down by Law (1986),1273,"Comedy|Drama,,",157,3,977249570,M,35,16,12866,30-40
Down in the Delta (1998),2434,"Drama,,",69,2,977882255,F,25,1,02143,20-30
Down to You (2000),3225,"Comedy|Romance,,",92,1,986186617,F,18,4,44243,10-20
Dr. No (1962),2949,"Action,,",19,4,978146939,M,1,10,48073,1-10
Dr. Strangelove or: How I Learned to Stop Worrying and Love the Bomb (1963),750,"Sci-Fi|War,,",10,4,979775386,F,35,1,95370,30-40
Dracula (1931),2644,"Horror,,",19,4,978555222,M,1,10,48073,1-10
Dracula (1958),2645,"Horror,,",117,5,977503728,M,25,17,33314,20-30
Dracula: Dead and Loving It (1995),12,"Comedy|Horror,,",90,3,993877204,M,56,13,85749,50-60
Dragonheart (1996),653,"Action|Adventure|Fantasy,,",3,4,978297757,M,25,15,55117,20-30
"Draughtsman's Contract, The (1982)",3221,"Drama,",235,4,977099789,M,25,0,98153,20-30
Dream Man (1995),226,"Thriller,,",4101,2,965412627,M,18,4,23233,10-20
Dream With the Fishes (1997),1563,"Drama,,",11,5,978221617,F,25,1,04093,20-30
Dream for an Insomniac (1996),1902,"Drama|Romance,,",163,1,977322650,M,18,4,85013,10-20
Dreaming of Joseph Lees (1998),2998,"Romance,,",137,3,1000869342,F,45,6,78758,40-50
"Dreamlife of Angels, The (La Vie rêvée des anges) (1998)",2575,"Drama,",35,4,978102494,M,45,1,02482,40-50
Dreamscape (1984),3770,"Adventure|Crime|Sci-Fi|Thriller,,",23,5,978464541,M,35,0,90049,30-40
Drive Me Crazy (1999),2888,"Comedy|Romance,,",16,3,978174535,F,35,0,20670,30-40
Driving Miss Daisy (1989),1962,"Drama,,",1,4,978301753,F,1,10,48067,1-10
Drop Dead Fred (1991),1126,"Comedy|Fantasy,,",18,1,978152596,F,18,3,95825,10-20
Drop Dead Gorgeous (1999),2718,"Comedy,,",18,2,978157105,F,18,3,95825,10-20
Drop Zone (1994),227,"Action,,",148,4,977333974,M,50,17,57747,40-50
Drowning Mona (2000),3324,"Comedy,,",85,5,977714884,M,18,4,94945,10-20
Drugstore Cowboy (1989),3019,"Crime|Drama,,",33,5,978983126,M,45,3,55421,40-50
Drunken Master (Zui quan) (1979),2924,"Action|Comedy,,",81,5,977785973,F,25,0,60640,20-30
Drunks (1997),1119,"Drama,,",163,1,977214718,M,18,4,85013,10-20
Dry Cleaning (Nettoyage à sec) (1997),2480,"Drama,,",4751,5,963187849,M,50,15,02474,40-50
Duck Soup (1933),1256,"Comedy|War,,",10,3,979168591,F,35,1,95370,30-40
Dudley Do-Right (1999),2828,"Children's|Comedy,,",16,1,978174535,F,35,0,20670,30-40
Duel in the Sun (1946),3792,"Western,,",123,3,977532128,M,35,9,67208,30-40
Duets (2000),3901,"Comedy|Drama,,",99,1,982873209,F,1,10,19390,1-10
Dumb & Dumber (1994),231,"Comedy,,",11,3,978904192,F,25,1,04093,20-30
Dumbo (1941),1029,"Animation|Children's|Musical,,",1,5,978302205,F,1,10,48067,1-10
Dune (1984),2021,"Fantasy|Sci-Fi,,",10,4,979168295,F,35,1,95370,30-40
Dunston Checks In (1996),87,"Children's|Comedy,,",75,5,977852384,F,1,10,01748,1-10
Dying Young (1991),3436,"Drama|Romance,,",45,2,977989310,F,45,16,94110,40-50
Déjà Vu (1997),2175,"Drama|Romance,,",331,4,976385519,M,25,7,55902,20-30
E.T. the Extra-Terrestrial (1982),1097,"Children's|Drama|Fantasy|Sci-Fi,,",1,4,978301953,F,1,10,48067,1-10
EDtv (1999),2567,"Comedy,,",15,4,978198847,M,25,7,22903,20-30
Earth Vs. the Flying Saucers (1956),2665,"Sci-Fi,,",117,4,977507286,M,25,17,33314,20-30
Earthquake (1974),2535,"Action,,",100,2,977594513,M,35,17,95401,30-40
East is East (1999),3538,"Comedy,,",119,3,977467569,F,1,10,77515,1-10
East of Eden (1955),949,"Drama,,",33,5,978982566,M,45,3,55421,40-50
East-West (Est-ouest) (1999),3357,"Drama|Romance,,",102,1,1002829636,M,35,19,20871,30-40
Easy Money (1983),3846,"Comedy,,",26,2,978146876,M,25,7,23112,20-30
Easy Rider (1969),3168,"Adventure|Drama,,",3,4,978297570,M,25,15,55117,20-30
Eat Drink Man Woman (1994),232,"Comedy|Drama,,",18,4,978156766,F,18,3,95825,10-20
Eaten Alive (1976),3294,"Horror,,",1247,4,974828904,M,35,0,92649,30-40
Ed (1996),619,"Comedy,,",268,3,976649819,F,18,12,29708,10-20
Ed Wood (1994),235,"Comedy|Drama,,",2,3,978299351,M,56,16,70072,50-60
Ed's Next Move (1996),1002,"Comedy,,",297,5,976513373,M,18,2,97211,10-20
Eddie (1996),656,"Comedy,,",293,3,976560006,M,56,1,55337-4056,50-60
Eden (1997),1815,"Drama,,",1858,2,974695341,F,18,4,59715,10-20
Edge of Seventeen (1998),2626,"Comedy|Drama|Romance,,",148,1,977334677,M,50,17,57747,40-50
"Edge, The (1997)",1615,"Adventure|Thriller,",3,5,978297710,M,25,15,55117,20-30
"Education of Little Tree, The (1997)",1725,"Drama,",187,5,977233665,F,45,1,94061,40-50
Edward Scissorhands (1990),2291,"Drama|Romance,,",5,5,978244808,M,25,20,55455,20-30
"Effect of Gamma Rays on Man-in-the-Moon Marigolds, The (1972)",3069,"Drama,",68,4,977883731,M,18,4,53706,10-20
Eight Days a Week (1997),2509,"Comedy,,",699,3,986532798,M,18,0,73505,10-20
"Eighth Day, The (Le Huitième jour ) (1996)",1117,"Drama,",673,5,975619703,M,25,20,10023,20-30
Election (1999),2599,"Comedy,,",5,5,978242323,M,25,20,55455,20-30
"Elephant Man, The (1980)",2313,"Drama,",26,3,978271461,M,25,7,23112,20-30
Elizabeth (1998),2336,"Drama,,",8,3,978230120,M,25,12,11413,20-30
Elstree Calling (1930),2217,"Comedy|Musical,,",3610,1,974824774,M,18,6,30064,10-20
"Emerald Forest, The (1985)",2370,"Action|Adventure|Drama,",13,4,978202417,M,45,1,93304,40-50
Emma (1996),838,"Comedy|Drama|Romance,,",6,4,978237444,F,50,9,55117,40-50
"Emperor and the Assassin, The (Jing ke ci qin wang) (1999)",3158,"Drama,",195,4,1002230874,M,25,12,10458,20-30
Empire Records (1995),3477,"Comedy|Drama,,",48,3,978063264,M,25,4,92107,20-30
Enchanted April (1991),1177,"Drama,,",53,5,977986413,M,25,0,96931,20-30
Encino Man (1992),3243,"Comedy,,",22,3,978154199,M,18,15,53706,10-20
End of Days (1999),3113,"Action|Thriller,,",5,1,978242323,M,25,20,55455,20-30
"End of Violence, The (1997)",3518,"Drama|Thriller,",62,3,977902725,F,35,3,98105,30-40
"End of the Affair, The (1955)",3126,"Drama,",939,4,975172935,F,25,20,20110-5616,20-30
"End of the Affair, The (1999)",3125,"Drama,",124,4,983727107,M,56,7,91356,50-60
"Endless Summer 2, The (1994)",443,"Documentary,",548,3,976139570,F,35,16,96860,30-40
"Endless Summer, The (1966)",3653,"Documentary,",204,3,978058351,M,25,7,92123,20-30
Endurance (1998),2627,"Documentary|Drama,,",255,2,976680059,M,35,0,85310,30-40
Enemy of the State (1998),2353,"Action|Thriller,,",2,4,978299861,M,56,16,70072,50-60
"Enfer, L' (1994)",264,"Drama,",1069,4,974943840,M,25,20,98105,20-30
"English Patient, The (1996)",1183,"Drama|Romance|War,",33,2,978985480,M,45,3,55421,40-50
"Englishman Who Went Up a Hill, But Came Down a Mountain, The (1995)",468,Comedy|Romance,24,4,978133414,F,25,7,10023,20-30
Entrapment (1999),2605,"Crime|Thriller,,",15,3,978196499,M,25,7,22903,20-30
Eraser (1996),786,"Action|Thriller,,",22,1,978137076,M,18,15,53706,10-20
Eraserhead (1977),3676,"Drama|Horror,,",25,1,978132285,M,18,4,01609,10-20
Erin Brockovich (2000),3408,"Drama,,",1,4,978300275,F,1,10,48067,1-10
Escape from L.A. (1996),849,"Action|Adventure|Sci-Fi|Thriller,,",22,3,978137027,M,18,15,53706,10-20
Escape from New York (1981),1129,"Action|Adventure|Sci-Fi|Thriller,,",10,4,979168210,F,35,1,95370,30-40
Escape from the Planet of the Apes (1971),2533,"Action|Sci-Fi,,",17,3,978161068,M,50,1,95350,40-50
Escape to Witch Mountain (1975),1009,"Adventure|Children's|Fantasy,,",10,5,979168267,F,35,1,95370,30-40
Eternity and a Day (Mia eoniotita ke mia mera ) (1998),2673,"Drama,,",327,4,976397841,M,35,18,55448,30-40
European Vacation (1985),2794,"Comedy,,",22,3,978153190,M,18,15,53706,10-20
Eve's Bayou (1997),1660,"Drama,,",8,3,978230611,M,25,12,11413,20-30
Even Cowgirls Get the Blues (1993),444,"Comedy|Romance,,",216,2,976867651,M,45,13,52761,40-50
Even Dwarfs Started Small (Auch Zwerge haben klein angefangen) (1971),3202,"Drama,,",3610,1,974825578,M,18,6,30064,10-20
"Evening Star, The (1996)",1410,"Comedy|Drama,",214,3,976901745,M,18,20,80218,10-20
Event Horizon (1997),1590,"Action|Mystery|Sci-Fi|Thriller,,",42,3,978040019,M,25,8,24502,20-30
Ever After: A Cinderella Story (1998),2125,"Drama|Romance,,",10,5,979167795,F,35,1,95370,30-40
Everest (1998),1797,"Documentary,,",48,4,978012620,M,25,4,92107,20-30
Everyone Says I Love You (1996),1057,"Comedy|Musical|Romance,,",24,4,978133305,F,25,7,10023,20-30
Everything Relative (1996),1139,"Drama,,",3518,4,969897983,F,18,7,11215,10-20
Everything You Always Wanted to Know About Sex (1972),3812,"Comedy,,",10,4,978229959,F,35,1,95370,30-40
Evil Dead II (Dead By Dawn) (1987),1261,"Action|Adventure|Comedy|Horror,,",3,1,978297663,M,25,15,55117,20-30
Evita (1996),1416,"Drama|Musical,,",64,4,977891568,M,18,1,53706,10-20
Excalibur (1981),2872,"Action|Drama|Fantasy|Romance,,",10,4,978226186,F,35,1,95370,30-40
Excess Baggage (1997),1605,"Adventure|Romance,,",92,2,986189016,F,18,4,44243,10-20
Executive Decision (1996),494,"Action|Thriller,,",29,3,978136342,M,35,7,33407,30-40
Exit to Eden (1994),234,"Comedy,,",26,3,978140049,M,25,7,23112,20-30
Exorcist II: The Heretic (1977),1998,"Horror,,",158,2,977242756,M,56,7,28754,50-60
"Exorcist III, The (1990)",1999,"Horror,",117,5,977504569,M,25,17,33314,20-30
"Exorcist, The (1973)",1997,"Horror,",7,5,978234737,M,35,1,06810,30-40
Exotica (1994),233,"Drama,,",36,5,978061656,M,25,3,94123,20-30
Experience Preferred... But Not Essential (1982),3047,"Drama,,",173,3,1009652956,M,25,0,45237,20-30
Extreme Measures (1996),1003,"Drama|Thriller,,",26,2,978271488,M,25,7,23112,20-30
Extremities (1986),2419,"Drama|Thriller,,",23,2,978133428,M,35,0,90049,30-40
Eye for an Eye (1996),61,"Drama|Thriller,,",524,1,976172010,M,18,0,91320,10-20
Eye of the Beholder (1999),3238,"Thriller,,",61,1,977903378,M,25,17,95122,20-30
Eyes Wide Shut (1999),2712,"Drama,,",8,3,978230886,M,25,12,11413,20-30
Eyes Without a Face (1959),841,"Horror,,",278,5,976586337,M,45,18,60482,40-50
Eyes of Laura Mars (1978),3445,"Mystery|Thriller,,",319,2,976423863,F,50,6,33436,40-50
"Eyes of Tammy Faye, The (2000)",3859,"Documentary,",85,3,977714860,M,18,4,94945,10-20
F/X (1986),3763,"Action|Crime|Thriller,,",23,2,978462735,M,35,0,90049,30-40
F/X 2 (1992),3764,"Action|Crime|Thriller,,",53,3,977975206,M,25,0,96931,20-30
"Fabulous Baker Boys, The (1989)",3684,"Drama|Romance,",26,3,978141030,M,25,7,23112,20-30
"Face in the Crowd, A (1957)",3038,"Drama,",173,5,1023477763,M,25,0,45237,20-30
Face/Off (1997),1573,"Action|Sci-Fi|Thriller,,",7,4,978234874,M,35,1,06810,30-40
Faces (1968),702,"Drama,,",881,3,1013536732,M,18,14,76401,10-20
"Faculty, The (1998)",2428,"Horror|Sci-Fi,",5,3,978242541,M,25,20,55455,20-30
Fair Game (1995),71,"Action,,",101,4,977577431,F,18,3,33314,10-20
FairyTale: A True Story (1997),1654,"Children's|Drama|Fantasy,,",10,5,979168346,F,35,1,95370,30-40
Faithful (1996),664,"Comedy,,",62,3,977906829,F,35,3,98105,30-40
"Falcon and the Snowman, The (1984)",3169,"Drama,",33,3,978558462,M,45,3,55421,40-50
Fall (1997),1574,"Romance,,",889,3,975254041,M,45,20,10024,40-50
Fall Time (1995),396,"Drama,,",3842,4,979988590,F,35,16,92054,30-40
Fallen (1998),1754,"Action|Mystery|Thriller,,",22,3,980066509,M,18,15,53706,10-20
Falling Down (1993),3020,"Action|Drama,,",5,1,978245916,M,25,20,55455,20-30
Falling in Love Again (1980),1436,"Comedy,,",1150,1,975192990,F,25,20,75226,20-30
Family Plot (1976),2177,"Comedy|Thriller,,",62,3,977969200,F,35,3,98105,30-40
"Family Thing, A (1996)",635,"Comedy|Drama,",195,4,990976751,M,25,12,10458,20-30
"Fan, The (1996)",782,"Thriller,",62,2,977905228,F,35,3,98105,30-40
Fandango (1985),2073,"Comedy,,",91,5,977666159,M,35,7,07650,30-40
Fanny and Alexander (1982),2068,"Drama,,",161,4,977220713,M,45,16,98107-2117,40-50
Fantasia (1940),1282,"Animation|Children's|Musical,,",10,5,978224549,F,35,1,95370,30-40
Fantasia 2000 (1999),3159,"Animation|Children's|Musical,,",32,2,978122583,F,25,0,19355,20-30
"Fantastic Night, The (La Nuit Fantastique) (1949)",3376,"Romance,",3610,1,974825679,M,18,6,30064,10-20
"Fantastic Planet, The (La Planète sauvage) (1973)",2495,"Animation|Sci-Fi,",139,3,977359883,F,25,20,45409,20-30
Fantastic Voyage (1966),3927,"Adventure|Sci-Fi,,",17,4,978160933,M,50,1,95350,40-50
Far From Home: The Adventures of Yellow Dog (1995),238,"Adventure|Children's,,",75,3,977852285,F,1,10,01748,1-10
"Far Off Place, A (1993)",2045,"Adventure|Children's|Drama|Romance,",10,3,978228575,F,35,1,95370,30-40
Far and Away (1992),3259,"Drama|Romance,,",8,4,978231571,M,25,12,11413,20-30
"Faraway, So Close (In Weiter Ferne, So Nah!) (1993)",3920,Drama|Fantasy,23,2,978461308,M,35,0,90049,30-40
Farewell My Concubine (1993),446,"Drama|Romance,,",17,5,978159351,M,50,1,95350,40-50
"Farewell to Arms, A (1932)",976,"Romance|War,",40,4,978041189,M,45,0,10543,40-50
Fargo (1996),608,"Crime|Drama|Thriller,,",1,4,978301398,F,1,10,48067,1-10
Farinelli: il castrato (1994),242,"Drama|Musical,,",53,2,977979794,M,25,0,96931,20-30
"Farmer's Wife, The (1928)",2223,"Comedy,",3402,4,967644918,M,35,20,30306,30-40
Fast Times at Ridgemont High (1982),3210,"Comedy,,",22,3,978153035,M,18,15,53706,10-20
"Fast, Cheap & Out of Control (1997)",1649,"Documentary,",5,4,978244667,M,25,20,55455,20-30
Faster Pussycat! Kill! Kill! (1965),390,"Action|Comedy|Drama,,",87,1,977694723,M,25,14,48360,20-30
Fatal Attraction (1987),3101,"Thriller,,",11,1,978902406,F,25,1,04093,20-30
Fatal Beauty (1987),3716,"Action|Crime,,",225,1,976830373,M,25,7,11215,20-30
Fatal Instinct (1993),445,"Comedy,,",26,1,978139936,M,25,7,23112,20-30
Father of the Bride (1950),934,"Comedy,,",12,2,978218568,M,25,12,32793,20-30
Father of the Bride Part II (1995),5,"Comedy,,",26,5,978144881,M,25,7,23112,20-30
Fathers' Day (1997),1526,"Comedy,,",48,2,978147580,M,25,4,92107,20-30
Faust (1994),1151,"Animation|Comedy|Thriller,,",731,4,975528548,M,45,3,55410,40-50
Fausto (1993),576,"Comedy,,",587,3,977844715,M,25,20,92649,20-30
"Favor, The (1994)",447,"Comedy|Romance,",45,3,977989159,F,45,16,94110,40-50
Fear (1996),662,"Thriller,,",225,4,976912643,M,25,7,11215,20-30
Fear and Loathing in Las Vegas (1998),1884,"Comedy|Drama,,",5,3,978246576,M,25,20,55455,20-30
Fear of a Black Hat (1993),449,"Comedy,,",36,5,978064036,M,25,3,94123,20-30
"Fear, The (1995)",397,"Horror,",808,2,975393687,M,25,7,85226,20-30
Fearless (1993),448,"Drama,,",53,5,977985197,M,25,0,96931,20-30
Feast of July (1995),167,"Drama,,",673,5,975620192,M,25,20,10023,20-30
Federal Hill (1994),406,"Drama,,",131,3,977444928,M,18,4,06520,10-20
Feeling Minnesota (1996),697,"Drama|Romance,,",45,2,977989481,F,45,16,94110,40-50
Felicia's Journey (1999),3055,"Thriller,,",149,4,977361435,M,25,1,29205,20-30
Female Perversions (1996),1312,"Drama,,",474,4,976240738,M,25,17,92126,20-30
Ferris Bueller's Day Off (1986),2918,"Comedy,,",1,4,978302124,F,1,10,48067,1-10
Fever Pitch (1997),2962,"Comedy|Romance,,",151,3,992133860,F,25,20,85013,20-30
"Few Good Men, A (1992)",2268,"Crime|Drama,",2,5,978299297,M,56,16,70072,50-60
Field of Dreams (1989),1302,"Drama,,",10,5,978225779,F,35,1,95370,30-40
"Fiendish Plot of Dr. Fu Manchu, The (1980)",2286,"Comedy,",216,2,976866775,M,45,13,52761,40-50
Fierce Creatures (1997),1425,"Comedy,,",22,3,978153912,M,18,15,53706,10-20
"Fifth Element, The (1997)",1527,"Action|Sci-Fi,",2,4,978299839,M,56,16,70072,50-60
Fight Club (1999),2959,"Drama,,",5,4,978242541,M,25,20,55455,20-30
"Fighting Seabees, The (1944)",3643,"Action|Drama|War,",40,4,978041279,M,45,0,10543,40-50
"Filth and the Fury, The (2000)",3539,"Documentary,",139,5,977360639,F,25,20,45409,20-30
"Final Conflict, The (a.k.a. Omen III: The Final Conflict) (1981)",2790,"Horror,",19,3,978554969,M,1,10,48073,1-10
Final Destination (2000),3409,"Drama|Thriller,,",5,3,978242541,M,25,20,55455,20-30
Finding North (1999),2679,"Drama|Romance,,",187,1,977079016,F,45,1,94061,40-50
Fire Down Below (1997),1626,"Action|Drama|Thriller,,",192,1,977781989,M,18,1,10977,10-20
"Fire Within, The (Le Feu Follet) (1963)",2933,"Drama,",327,4,976397841,M,35,18,55448,30-40
Firelight (1997),2197,"Drama,,",889,2,975255046,M,45,20,10024,40-50
Firestarter (1984),3708,"Horror|Thriller,,",23,3,978133468,M,35,0,90049,30-40
Firestorm (1998),1744,"Action|Adventure|Thriller,,",163,1,977219926,M,18,4,85013,10-20
Firewalker (1986),2477,"Adventure,,",245,1,976827569,M,35,16,66046,30-40
"Firm, The (1993)",454,"Drama|Thriller,",8,3,978231173,M,25,12,11413,20-30
First Blood (1982),2403,"Action,,",26,3,978146985,M,25,7,23112,20-30
First Kid (1996),881,"Children's|Comedy,,",372,5,976548344,F,18,4,72227,10-20
First Knight (1995),168,"Action|Adventure|Drama|Romance,,",18,1,978154572,F,18,3,95825,10-20
"First Love, Last Rites (1997)",2127,"Drama|Romance,",1164,2,985230298,F,25,19,90020,20-30
"First Wives Club, The (1996)",830,"Comedy,",10,5,978229716,F,35,1,95370,30-40
"Fish Called Wanda, A (1988)",1079,"Comedy,",3,5,978298296,M,25,15,55117,20-30
"Fisher King, The (1991)",3108,"Comedy|Drama|Romance,",2,3,978299712,M,56,16,70072,50-60
"Fistful of Dollars, A (1964)",2951,"Action|Western,",4,4,978294282,M,45,7,02460,40-50
Fitzcarraldo (1982),2970,"Adventure|Drama,,",173,5,1002220656,M,25,0,45237,20-30
Five Easy Pieces (1970),3201,"Drama,,",59,3,977934357,F,50,1,55413,40-50
"Five Senses, The (1999)",3795,"Drama,",127,2,987207131,F,45,3,01770,40-50
"Five Wives, Three Secretaries and Me (1998)",2909,"Documentary,",5938,4,957273353,M,25,1,35401,20-30
"Flamingo Kid, The (1984)",3308,"Comedy|Drama,",26,5,978146900,M,25,7,23112,20-30
Flashdance (1983),2942,"Drama|Romance,,",26,3,978271539,M,25,7,23112,20-30
Flatliners (1990),3686,"Thriller,,",26,4,978275503,M,25,7,23112,20-30
Flawless (1999),3115,"Drama,,",63,2,977900364,M,18,4,54902,10-20
Fled (1996),809,"Action|Adventure,,",163,1,977220194,M,18,4,85013,10-20
Flesh and Bone (1993),451,"Drama|Mystery|Romance,,",62,3,977903879,F,35,3,98105,30-40
Fletch (1985),2371,"Comedy,,",10,4,978227625,F,35,1,95370,30-40
Fletch Lives (1989),2372,"Comedy,,",169,4,977210582,M,25,7,55439,20-30
Flight of the Navigator (1986),2046,"Adventure|Children's|Sci-Fi,,",10,4,978228966,F,35,1,95370,30-40
"Flintstones in Viva Rock Vegas, The (2000)",3564,"Children's|Comedy,",61,3,977903399,M,25,17,95122,20-30
"Flintstones, The (1994)",355,"Children's|Comedy,",45,2,977992196,F,45,16,94110,40-50
Flipper (1996),711,"Adventure|Children's,,",75,3,977851438,F,1,10,01748,1-10
Flirt (1995),846,"Drama,,",28,4,978125906,F,25,1,14607,20-30
Flirting With Disaster (1996),125,"Comedy,,",23,3,978465419,M,35,0,90049,30-40
"Flower of My Secret, The (La Flor de Mi Secreto) (1995)",617,"Drama,",53,5,977985555,M,25,0,96931,20-30
Flubber (1997),1702,"Children's|Comedy|Fantasy,,",15,3,978212590,M,25,7,22903,20-30
Fluke (1995),241,"Children's|Drama,,",119,3,977514038,F,1,10,77515,1-10
Fly Away Home (1996),986,"Adventure|Children's,,",11,1,978220829,F,25,1,04093,20-30
"Fly II, The (1989)",2456,"Horror|Sci-Fi,",42,3,978040056,M,25,8,24502,20-30
"Fly, The (1958)",2454,"Horror|Sci-Fi,",17,2,978160933,M,50,1,95350,40-50
"Fly, The (1986)",2455,"Horror|Sci-Fi,",17,4,978160739,M,50,1,95350,40-50
"Flying Saucer, The (1950)",2658,"Sci-Fi,",563,2,976046367,M,25,4,53703,20-30
Flying Tigers (1942),3628,"Action|Drama|War,,",40,4,978041224,M,45,0,10543,40-50
"Fog, The (1980)",1128,"Horror,",117,3,977503819,M,25,17,33314,20-30
Follow the Bitch (1998),1830,"Comedy,,",2869,5,972439040,M,50,17,07650,40-50
Following (1998),2579,"Drama,,",173,3,1009653267,M,25,0,45237,20-30
Foolish (1999),2584,"Comedy,,",1470,3,974838395,M,18,4,94118,10-20
Fools Rush In (1997),1457,"Comedy|Romance,,",26,4,978276041,M,25,7,23112,20-30
Footloose (1984),3791,"Drama,,",102,2,1039275695,M,35,19,20871,30-40
For All Mankind (1989),3338,"Documentary,,",23,3,978462816,M,35,0,90049,30-40
For Ever Mozart (1996),1579,"Drama,,",511,3,976206196,F,45,4,15232,40-50
For Love of the Game (1999),2861,"Comedy|Drama,,",83,5,977719238,F,25,2,94609,20-30
For Love or Money (1993),453,"Comedy,,",48,3,977976351,M,25,4,92107,20-30
For Richer or Poorer (1997),1703,"Comedy,,",26,2,978271539,M,25,7,23112,20-30
For Whom the Bell Tolls (1943),897,"Adventure|War,,",40,4,978041189,M,45,0,10543,40-50
For Your Eyes Only (1981),2989,"Action,,",18,5,978153344,F,18,3,95825,10-20
For a Few Dollars More (1965),3681,"Western,,",33,3,978982449,M,45,3,55421,40-50
For the Love of Benji (1977),3674,"Adventure|Children's,,",166,3,977303277,M,18,4,92802,10-20
For the Moment (1994),1071,"Romance|War,,",889,2,975254686,M,45,20,10024,40-50
Forbidden Planet (1956),1301,"Sci-Fi,,",17,5,978160680,M,50,1,95350,40-50
Force 10 from Navarone (1978),3519,"Action|War,,",40,2,978041312,M,45,0,10543,40-50
Force of Evil (1948),746,"Film-Noir,,",391,3,976297897,M,45,11,22122,40-50
Forces of Nature (1999),2558,"Comedy|Romance,,",26,3,978271539,M,25,7,23112,20-30
Foreign Correspondent (1940),929,"Thriller,,",62,4,977909432,F,35,3,98105,30-40
Foreign Student (1994),572,"Drama,,",3598,1,966627049,M,56,1,90210,50-60
Forever Young (1992),3269,"Adventure|Romance|Sci-Fi,,",13,3,978202524,M,45,1,93304,40-50
Forget Paris (1995),237,"Comedy|Romance,,",26,3,978271539,M,25,7,23112,20-30
Forrest Gump (1994),356,"Comedy|Romance|War,,",2,5,978299686,M,56,16,70072,50-60
Four Days in September (1997),1759,"Drama,,",5,4,978245513,M,25,20,55455,20-30
Four Rooms (1995),18,"Thriller,,",53,4,977975068,M,25,0,96931,20-30
Four Weddings and a Funeral (1994),357,"Comedy|Romance,,",5,2,978245829,M,25,20,55455,20-30
"Fox and the Hound, The (1981)",1033,"Animation|Children's,",18,4,978154982,F,18,3,95825,10-20
Foxfire (1996),835,"Drama,,",48,2,978012967,M,25,4,92107,20-30
Frances (1982),2757,"Drama,,",24,4,986157090,F,25,7,10023,20-30
Frank and Ollie (1995),398,"Documentary,,",1897,4,1006637498,F,50,2,94530,40-50
Frankenstein (1931),2648,"Horror,,",19,4,978555104,M,1,10,48073,1-10
Frankenstein Meets the Wolf Man (1943),2651,"Horror,,",202,3,976935625,M,18,4,53706,10-20
Frankie Starlight (1995),131,"Drama|Romance,,",216,3,976868256,M,45,13,52761,40-50
Freaky Friday (1977),2014,"Children's|Comedy,,",18,2,978155339,F,18,3,95825,10-20
Freddy's Dead: The Final Nightmare (1991),1973,"Horror,,",46,5,977979194,M,18,19,75602,10-20
Free Enterprise (1998),2681,"Comedy|Romance|Sci-Fi,,",42,4,978040706,M,25,8,24502,20-30
Free Willy (1993),455,"Adventure|Children's|Drama,,",26,2,978140530,M,25,7,23112,20-30
Free Willy 2: The Adventure Home (1995),169,"Adventure|Children's|Drama,,",75,3,977852680,F,1,10,01748,1-10
Free Willy 3: The Rescue (1997),1595,"Adventure|Children's|Drama,,",92,1,986189218,F,18,4,44243,10-20
Freedom for Us (À nous la liberté ) (1931),3532,"Comedy,,",195,4,1028259278,M,25,12,10458,20-30
Freejack (1992),3802,"Action|Sci-Fi,,",42,4,978040101,M,25,8,24502,20-30
Freeway (1996),1034,"Crime,,",22,4,991149472,M,18,15,53706,10-20
"French Connection, The (1971)",1953,"Action|Crime|Drama|Thriller,",2,4,978298775,M,56,16,70072,50-60
French Kiss (1995),236,"Comedy|Romance,,",26,3,978271538,M,25,7,23112,20-30
French Twist (Gazon maudit) (1995),68,"Comedy|Romance,,",151,4,978682275,F,25,20,85013,20-30
Frenzy (1972),2178,"Thriller,,",33,4,978558063,M,45,3,55421,40-50
Frequency (2000),3510,"Drama|Thriller,,",9,3,978225570,M,25,17,61614,20-30
Fresh (1994),456,"Drama,,",53,5,977983226,M,25,0,96931,20-30
Friday (1995),69,"Comedy,,",81,2,977784774,F,25,0,60640,20-30
Friday the 13th (1980),1974,"Horror,,",19,3,982190602,M,1,10,48073,1-10
Friday the 13th Part 2 (1981),1975,"Horror,,",46,5,977979275,M,18,19,75602,10-20
Friday the 13th Part 3: 3D (1982),1976,"Horror,,",31,1,978120757,M,56,7,06840,50-60
Friday the 13th Part V: A New Beginning (1985),1978,"Horror,,",46,5,977979275,M,18,19,75602,10-20
Friday the 13th Part VI: Jason Lives (1986),1979,"Horror,,",46,5,977979275,M,18,19,75602,10-20
Friday the 13th Part VII: The New Blood (1988),1980,"Horror,,",46,5,977979275,M,18,19,75602,10-20
Friday the 13th Part VIII: Jason Takes Manhattan (1989),1981,"Horror,,",46,5,977979275,M,18,19,75602,10-20
Friday the 13th: The Final Chapter (1984),1977,"Horror,,",37,1,978056440,F,25,9,66212,20-30
Fried Green Tomatoes (1991),1271,"Drama,,",10,5,978226349,F,35,1,95370,30-40
"Friend of the Deceased, A (1997)",1871,"Comedy|Drama,",78,4,978570767,F,45,1,98029,40-50
Friends & Lovers (1999),2589,"Comedy|Drama|Romance,,",203,1,976929358,F,18,4,53715,10-20
Fright Night (1985),2867,"Comedy|Horror,,",33,2,978558263,M,45,3,55421,40-50
Fright Night Part II (1989),2868,"Horror,,",293,1,976654424,M,56,1,55337-4056,50-60
"Frighteners, The (1996)",799,"Comedy|Horror,",22,2,978153772,M,18,15,53706,10-20
Frogs for Snakes (1998),2631,"Comedy|Film-Noir|Thriller,,",587,1,976208238,M,25,20,92649,20-30
From Dusk Till Dawn (1996),70,"Action|Comedy|Crime|Horror|Thriller,,",15,2,978212287,M,25,7,22903,20-30
From Here to Eternity (1953),1944,"Drama|Romance|War,,",48,4,978065349,M,25,4,92107,20-30
From Russia with Love (1963),2948,"Action,,",10,4,978227166,F,35,1,95370,30-40
From the Hip (1987),2751,"Comedy,,",261,4,976672698,M,25,20,75801,20-30
From the Journals of Jean Seberg (1995),136,"Documentary,,",655,4,975706155,F,25,2,92629,20-30
"Fugitive, The (1993)",457,"Action|Thriller,",2,4,978299773,M,56,16,70072,50-60
Full Metal Jacket (1987),1222,"Action|Drama|War,,",22,4,978135755,M,18,15,53706,10-20
"Full Monty, The (1997)",1641,"Comedy,",3,2,978298430,M,25,15,55117,20-30
Full Speed (1996),1724,"Drama,,",3393,3,967494672,M,35,12,60563,30-40
Full Tilt Boogie (1997),2061,"Documentary,,",709,5,975541449,M,18,0,92647,10-20
Fun and Fancy Free (1947),3759,"Animation|Children's|Musical,,",563,3,976045204,M,25,4,53703,20-30
"Funeral, The (1996)",1114,"Drama,",225,1,976833569,M,25,7,11215,20-30
"Funhouse, The (1981)",3021,"Horror,",278,4,976587373,M,45,18,60482,40-50
Funny Bones (1995),3446,"Comedy,,",303,4,976507467,M,25,7,20006,20-30
Funny Face (1957),901,"Comedy|Musical,,",28,3,978125218,F,25,1,14607,20-30
Funny Farm (1988),2796,"Comedy,,",34,4,978104212,F,18,0,02135,10-20
"Fury, The (1978)",3732,"Horror,",245,2,976828006,M,35,16,66046,30-40
G. I. Blues (1960),3602,"Musical,,",62,3,977969947,F,35,3,98105,30-40
G.I. Jane (1997),1586,"Action|Drama|War,,",10,4,978229979,F,35,1,95370,30-40
Gabbeh (1996),1575,"Drama,,",824,3,975379783,M,35,12,94530,30-40
Galaxy Quest (1999),3175,"Adventure|Comedy|Sci-Fi,,",10,5,979168132,F,35,1,95370,30-40
"Gambler, The (A Játékos) (1997)",2760,"Drama,",677,5,975610413,M,50,2,94122,40-50
"Game, The (1997)",1625,"Mystery|Thriller,",15,4,978198456,M,25,7,22903,20-30
Gandhi (1982),1293,"Drama,,",2,5,978298261,M,56,16,70072,50-60
Gang Related (1997),1662,"Crime,,",129,4,977435217,M,25,11,20164,20-30
"Garbage Pail Kids Movie, The (1987)",2449,"Adventure|Children's,",798,3,975408586,F,25,20,48464,20-30
"Garden of Finzi-Contini, The (Giardino dei Finzi-Contini, Il) (1970)",1362,Drama,303,3,976504715,M,25,7,20006,20-30
Gaslight (1944),906,"Mystery|Thriller,,",28,4,978126477,F,25,1,14607,20-30
"Gate II: Trespassers, The (1990)",2452,"Horror,",652,1,975701736,M,18,20,12222,10-20
"Gate of Heavenly Peace, The (1995)",787,"Documentary,",149,5,977325719,M,25,1,29205,20-30
"Gate, The (1987)",2451,"Horror,",117,5,977504569,M,25,17,33314,20-30
Gattaca (1997),1653,"Drama|Sci-Fi|Thriller,,",5,2,978245891,M,25,20,55455,20-30
"Gay Deceivers, The (1969)",3603,"Comedy,",3521,2,966923188,M,25,0,53213,20-30
"Gay Divorcee, The (1934)",907,"Comedy|Musical|Romance,",33,2,978557832,M,45,3,55421,40-50
"General's Daughter, The (1999)",2688,"Drama|Thriller,",8,3,978231429,M,25,12,11413,20-30
"General, The (1927)",3022,"Comedy,",31,4,978120971,M,56,7,06840,50-60
"General, The (1998)",2425,"Crime,",195,5,977026165,M,25,12,10458,20-30
Gentleman's Agreement (1947),1940,"Drama,,",97,5,977622552,F,35,3,66210,30-40
George of the Jungle (1997),1588,"Children's|Comedy,,",26,2,978142647,M,25,7,23112,20-30
Georgia (1995),55,"Drama,,",53,3,977988510,M,25,0,96931,20-30
Germinal (1993),563,"Drama,,",1063,4,979959286,M,35,7,50265,30-40
Geronimo: An American Legend (1993),458,"Drama|Western,,",123,2,977532167,M,35,9,67208,30-40
Get Bruce (1999),2689,"Documentary,,",173,3,979251789,M,25,0,45237,20-30
Get Carter (1971),3947,"Thriller,,",205,4,976922307,M,35,12,97333,30-40
Get Carter (2000),3946,"Action|Drama|Thriller,,",76,3,989092224,M,35,7,55413,30-40
Get Over It (1996),1142,"Drama,,",1470,1,974836825,M,18,4,94118,10-20
Get Real (1998),2607,"Drama,,",5,2,978242607,M,25,20,55455,20-30
Get Shorty (1995),21,"Action|Comedy|Drama,,",2,1,978299839,M,56,16,70072,50-60
Get on the Bus (1996),1054,"Drama,,",49,5,977973134,M,18,12,77084,10-20
"Getaway, The (1994)",459,"Action,",2,3,978300002,M,56,16,70072,50-60
Getting Away With Murder (1996),734,"Comedy,,",731,4,975530491,M,45,3,55410,40-50
Getting Even with Dad (1994),460,"Comedy,,",148,3,979579082,M,50,17,57747,40-50
Ghost (1990),587,"Comedy|Romance|Thriller,,",10,5,978227028,F,35,1,95370,30-40
Ghost Dog: The Way of the Samurai (1999),3328,"Crime|Drama,,",58,5,977933866,M,25,2,30303,20-30
"Ghost and Mrs. Muir, The (1947)",943,"Drama|Romance,",10,4,978227166,F,35,1,95370,30-40
"Ghost and the Darkness, The (1996)",1049,"Action|Adventure,",3,4,978297805,M,25,15,55117,20-30
Ghost in the Shell (Kokaku kidotai) (1995),741,"Animation|Sci-Fi,,",8,5,978233526,M,25,12,11413,20-30
"Ghost of Frankenstein, The (1942)",2650,"Horror,",33,4,978558041,M,45,3,55421,40-50
Ghostbusters (1984),2716,"Comedy|Horror,,",5,3,978242607,M,25,20,55455,20-30
Ghostbusters II (1989),2717,"Comedy|Horror,,",2,3,978298196,M,56,16,70072,50-60
Ghosts of Mississippi (1996),1401,"Drama,,",62,3,977901850,F,35,3,98105,30-40
Giant (1956),948,"Drama,,",35,2,978101598,M,45,1,02482,40-50
"Giant Gila Monster, The (1959)",3931,"Horror|Sci-Fi,",278,3,976587498,M,45,18,60482,40-50
Gigi (1958),938,"Musical,,",1,4,978301752,F,1,10,48067,1-10
Gilda (1946),2940,"Film-Noir,,",62,4,977909495,F,35,3,98105,30-40
"Gingerbread Man, The (1998)",1841,"Drama|Thriller,",123,3,977529944,M,35,9,67208,30-40
Girl 6 (1996),639,"Comedy,,",157,4,977250357,M,35,16,12866,30-40
"Girl on the Bridge, The (La Fille sur le Pont) (1999)",3822,"Drama|Romance,",127,3,978806725,F,45,3,01770,40-50
"Girl, Interrupted (1999)",3186,"Drama,",1,4,978300019,F,1,10,48067,1-10
Girlfight (2000),3915,"Drama,,",102,2,1002829636,M,35,19,20871,30-40
Girls Town (1996),877,"Drama,,",225,2,976913167,M,25,7,11215,20-30
Gladiator (2000),3578,"Action|Drama,,",2,5,978298958,M,56,16,70072,50-60
"Glass Bottom Boat, The (1966)",3144,"Comedy|Romance,",178,4,977109382,M,56,17,53705,50-60
"Glass Shield, The (1994)",245,"Crime|Drama,",1069,4,974943812,M,25,20,98105,20-30
Glen or Glenda (1953),2362,"Drama,,",280,3,976574620,M,50,7,19118,40-50
Glengarry Glen Ross (1992),1095,"Drama,,",5,4,978245065,M,25,20,55455,20-30
"Glimmer Man, The (1996)",1004,"Action|Thriller,",73,3,977867443,M,18,4,53706,10-20
Gloria (1999),2479,"Drama|Thriller,,",187,3,977078800,F,45,1,94061,40-50
Glory (1989),1242,"Action|Drama|War,,",18,5,978152999,F,18,3,95825,10-20
Glory Daze (1996),1121,"Drama,,",1181,3,976064724,M,35,7,20716,30-40
"Gnome-Mobile, The (1967)",2047,"Children's,",10,4,978229459,F,35,1,95370,30-40
Go (1999),2580,"Crime,,",5,4,978242607,M,25,20,55455,20-30
Go Fish (1994),461,"Drama|Romance,,",5,3,978244893,M,25,20,55455,20-30
Go Now (1995),1872,"Drama,,",1069,1,974944721,M,25,20,98105,20-30
Go West (1925),3133,"Comedy,,",307,5,976485890,M,50,16,90027,40-50
God Said 'Ha!' (1998),2499,"Comedy,,",78,5,978571083,F,45,1,98029,40-50
"Godfather, The (1972)",858,"Action|Crime|Drama,",10,3,978224375,F,35,1,95370,30-40
"Godfather: Part II, The (1974)",1221,"Action|Crime|Drama,",7,4,978234659,M,35,1,06810,30-40
"Godfather: Part III, The (1990)",2023,"Action|Crime|Drama,",8,3,978231802,M,25,12,11413,20-30
"Gods Must Be Crazy II, The (1989)",2151,"Comedy,",216,5,976862915,M,45,13,52761,40-50
"Gods Must Be Crazy, The (1980)",2150,"Comedy,",22,3,978153115,M,18,15,53706,10-20
Gods and Monsters (1998),2333,"Drama,,",5,4,978242607,M,25,20,55455,20-30
Godzilla (1998),1882,"Action|Sci-Fi,,",18,1,978154104,F,18,3,95825,10-20
Godzilla (Gojira) (1954),2363,"Action|Sci-Fi,,",29,3,978135941,M,35,7,33407,30-40
Godzilla (Gojira) (1984),2364,"Action|Sci-Fi,,",58,4,977942104,M,25,2,30303,20-30
Godzilla 2000 (Gojira ni-sen mireniamu) (1999),3864,"Action|Adventure|Sci-Fi,,",37,1,978056293,F,25,9,66212,20-30
Going My Way (1944),1937,"Comedy,,",31,5,978121292,M,56,7,06840,50-60
Gold Diggers: The Secret of Bear Mountain (1995),754,"Adventure|Children's,,",86,5,977696746,F,1,10,54467,1-10
"Gold Rush, The (1925)",3629,"Comedy,",10,3,978225428,F,35,1,95370,30-40
"Golden Bowl, The (2000)",3756,"Drama,",127,3,1007224983,F,45,3,01770,40-50
"Golden Child, The (1986)",2735,"Action|Adventure|Comedy,",3,4,978297867,M,25,15,55117,20-30
Golden Earrings (1947),925,"Adventure|Romance,,",759,2,975453125,F,56,3,89156,50-60
"Golden Voyage of Sinbad, The (1974)",3771,"Action|Adventure,",44,3,1004410560,M,45,17,98052,40-50
GoldenEye (1995),10,"Action|Adventure|Thriller,,",13,3,978201884,M,45,1,93304,40-50
Goldfinger (1964),2947,"Action,,",4,5,978294230,M,45,7,02460,40-50
Gone Fishin' (1997),870,"Comedy,,",148,2,979579239,M,50,17,57747,40-50
Gone in 60 Seconds (2000),3717,"Action|Crime,,",6,4,978238371,F,50,9,55117,40-50
Gone with the Wind (1939),920,"Drama|Romance|War,,",2,5,978298775,M,56,16,70072,50-60
"Good Earth, The (1937)",3447,"Drama,",10,5,980638373,F,35,1,95370,30-40
"Good Man in Africa, A (1994)",462,"Action|Adventure,",493,4,976216070,M,50,7,55016,40-50
"Good Morning, Vietnam (1987)",3448,"Comedy|Drama|War,",11,4,978903351,F,25,1,04093,20-30
"Good Mother, The (1988)",3449,"Drama,",184,3,1025998543,F,25,0,19001,20-30
Good Will Hunting (1997),1704,"Drama,,",5,3,978244517,M,25,20,55455,20-30
"Good, The Bad and The Ugly, The (1966)",1201,Action|Western,4,5,978294230,M,45,7,02460,40-50
GoodFellas (1990),1213,"Crime|Drama,,",2,2,978298458,M,56,16,70072,50-60
"Goodbye Girl, The (1977)",3244,"Comedy|Romance,",31,3,978120971,M,56,7,06840,50-60
"Goodbye, Lover (1999)",2586,"Comedy|Crime|Thriller,",509,4,976206435,M,25,2,55125,20-30
"Goofy Movie, A (1995)",239,"Animation|Children's|Comedy|Romance,",48,2,978059665,M,25,4,92107,20-30
"Goonies, The (1985)",2005,"Adventure|Children's|Fantasy,",10,4,978229459,F,35,1,95370,30-40
Gordy (1995),243,"Comedy,,",329,1,977871645,M,35,7,02115,30-40
Gossip (2000),3553,"Drama|Thriller,,",51,5,977947405,F,1,10,10562,1-10
Gothic (1986),3459,"Drama|Horror,,",195,3,985654918,M,25,12,10458,20-30
"Governess, The (1998)",2062,"Drama|Romance,",229,2,1039504002,M,18,10,04576,10-20
Goya in Bordeaux (Goya en Bodeos) (1999),3902,"Drama,,",195,4,1014141724,M,25,12,10458,20-30
Grace of My Heart (1996),988,"Comedy|Drama,,",187,3,977077855,F,45,1,94061,40-50
"Graduate, The (1967)",1247,"Drama|Romance,",2,5,978298652,M,56,16,70072,50-60
Grand Canyon (1991),2112,"Crime|Drama,,",53,4,977985703,M,25,0,96931,20-30
"Grand Day Out, A (1992)",1223,"Animation|Comedy,",9,4,978225968,M,25,17,61614,20-30
Grand Hotel (1932),1929,"Drama,,",97,4,977622298,F,35,3,66210,30-40
"Grand Illusion (Grande illusion, La) (1937)",3134,"Drama|War,",59,5,977933945,F,50,1,55413,40-50
"Grandfather, The (El Abuelo) (1998)",2911,"Drama,",457,4,976393349,M,18,4,54703,10-20
"Grandview, U.S.A. (1984)",2242,"Drama,",123,2,977595008,M,35,9,67208,30-40
"Grapes of Wrath, The (1940)",3095,"Drama,",2,4,978298517,M,56,16,70072,50-60
"Grass Harp, The (1995)",767,"Drama,",195,4,983884584,M,25,12,10458,20-30
Grateful Dead (1995),1421,"Documentary,,",59,2,1041968245,F,50,1,55413,40-50
Graveyard Shift (1990),2113,"Horror|Thriller,,",117,3,977505405,M,25,17,33314,20-30
Grease (1978),1380,"Comedy|Musical|Romance,,",6,5,978237691,F,50,9,55117,40-50
Grease 2 (1982),1381,"Comedy|Musical|Romance,,",26,2,978142672,M,25,7,23112,20-30
Greaser's Palace (1972),3803,"Drama,,",677,4,975611622,M,50,2,94122,40-50
"Great Day in Harlem, A (1994)",602,"Documentary,",161,5,977221674,M,45,16,98107-2117,40-50
"Great Dictator, The (1940)",1281,"Comedy,",31,3,978121417,M,56,7,06840,50-60
"Great Escape, The (1963)",1262,"Adventure|War,",13,4,978202201,M,45,1,93304,40-50
Great Expectations (1998),1735,"Drama|Romance,,",8,4,978229614,M,25,12,11413,20-30
"Great Locomotive Chase, The (1956)",3585,"Adventure|War,",148,4,979575560,M,50,17,57747,40-50
"Great Mouse Detective, The (1986)",2048,"Animation|Children's,",92,3,986187379,F,18,4,44243,10-20
"Great Muppet Caper, The (1981)",3397,"Children's|Comedy,",18,5,978155207,F,18,3,95825,10-20
"Great Race, The (1965)",1083,"Comedy|Musical,",45,3,977991217,F,45,16,94110,40-50
"Great Santini, The (1979)",3135,"Drama,",146,4,979940918,F,35,20,10954,30-40
"Great White Hype, The (1996)",725,"Comedy,",195,3,980698239,M,25,12,10458,20-30
"Great Ziegfeld, The (1936)",1932,"Musical,",136,4,977530472,M,18,2,21202,10-20
"Greatest Show on Earth, The (1952)",1943,"Drama,",169,4,977208904,M,25,7,55439,20-30
"Green Mile, The (1999)",3147,"Drama|Thriller,",2,5,978298652,M,56,16,70072,50-60
Gremlins (1984),2003,"Comedy|Horror,,",10,4,978227807,F,35,1,95370,30-40
Gremlins 2: The New Batch (1990),2004,"Comedy|Horror,,",19,2,982190660,M,1,10,48073,1-10
Gridlock'd (1997),1447,"Crime,,",524,4,976169611,M,18,0,91320,10-20
"Grifters, The (1990)",1179,"Crime|Drama|Film-Noir,",17,5,978160157,M,50,1,95350,40-50
Groove (2000),3790,"Drama,,",424,4,1045837629,M,25,17,55112,20-30
Grosse Fatigue (1994),1174,"Comedy,,",974,4,975107162,M,35,19,94930,30-40
Grosse Pointe Blank (1997),1500,"Comedy|Crime,,",5,3,978245314,M,25,20,55455,20-30
Groundhog Day (1993),1265,"Comedy|Romance,,",2,3,978299712,M,56,16,70072,50-60
Grumpier Old Men (1995),3,"Comedy|Romance,,",26,2,978140022,M,25,7,23112,20-30
Grumpy Old Men (1993),3450,"Comedy,,",22,3,978153937,M,18,15,53706,10-20
Guantanamera (1994),1444,"Comedy,,",1147,3,974872146,M,25,20,98101,20-30
"Guardian, The (1990)",2982,"Horror|Thriller,",424,2,1017694394,M,25,17,55112,20-30
Guess Who's Coming to Dinner (1967),3451,"Comedy|Drama,,",2,4,978298924,M,56,16,70072,50-60
Guilty as Sin (1993),463,"Crime|Drama|Thriller,,",26,3,978271588,M,25,7,23112,20-30
Guinevere (1999),2885,"Drama|Romance,,",331,4,984153647,M,25,7,55902,20-30
Gulliver's Travels (1939),2899,"Adventure|Animation|Children's,,",75,1,977851032,F,1,10,01748,1-10
Gumby: The Movie (1995),244,"Animation|Children's,,",705,2,975547623,M,25,4,48065,20-30
Gun Shy (2000),3276,"Comedy,,",306,2,977366724,M,18,0,53051,10-20
Gung Ho (1986),2374,"Comedy|Drama,,",22,3,978153321,M,18,15,53706,10-20
"Guns of Navarone, The (1961)",3654,"Action|Drama|War,",2,3,978298814,M,56,16,70072,50-60
Guys and Dolls (1955),3549,"Musical,,",35,4,978102032,M,45,1,02482,40-50
Gypsy (1962),3604,"Musical,,",6,5,978237767,F,50,9,55117,40-50
H.O.T.S. (1979),3804,"Comedy,,",216,2,976867969,M,45,13,52761,40-50
Hackers (1995),170,"Action|Crime|Thriller,,",48,3,978066355,M,25,4,92107,20-30
Hairspray (1988),2926,"Comedy|Drama,,",33,3,978110698,M,45,3,55421,40-50
Half Baked (1998),1753,"Comedy,,",11,4,978904024,F,25,1,04093,20-30
Halloween (1978),1982,"Horror,,",14,1,978200340,M,35,0,60126,30-40
Halloween 4: The Return of Michael Myers (1988),1985,"Horror,,",44,1,978041370,M,45,17,98052,40-50
Halloween 5: The Revenge of Michael Myers (1989),1986,"Horror,,",44,1,978041370,M,45,17,98052,40-50
Halloween II (1981),1983,"Horror,,",44,1,978041370,M,45,17,98052,40-50
Halloween III: Season of the Witch (1983),1984,"Horror,,",44,1,978041370,M,45,17,98052,40-50
Halloween: H20 (1998),2107,"Horror|Thriller,,",44,1,978041370,M,45,17,98052,40-50
Halloween: The Curse of Michael Myers (1995),891,"Horror|Thriller,,",44,1,978041370,M,45,17,98052,40-50
Hamlet (1948),1941,"Drama,,",140,3,987130810,F,35,1,55107,30-40
Hamlet (1964),2820,"Drama,,",62,4,977969775,F,35,3,98105,30-40
Hamlet (1990),3723,"Drama,,",10,4,978226896,F,35,1,95370,30-40
Hamlet (1996),1411,"Drama,,",8,5,978230391,M,25,12,11413,20-30
Hamlet (2000),3598,"Drama,,",151,3,998696892,F,25,20,85013,20-30
Hana-bi (1997),1809,"Comedy|Crime|Drama,,",393,4,976298495,M,35,17,55402,30-40
"Hand That Rocks the Cradle, The (1992)",3249,"Thriller,",5,1,978245916,M,25,20,55455,20-30
Hands on a Hard Body (1996),2330,"Documentary,,",161,5,977220780,M,45,16,98107-2117,40-50
Hang 'em High (1967),2922,"Western,,",31,3,978120401,M,56,7,06840,50-60
"Hanging Garden, The (1997)",1879,"Drama,",126,5,977444955,M,18,9,98117,10-20
Hanging Up (2000),3299,"Comedy|Drama,,",85,2,977715087,M,18,4,94945,10-20
Hangmen Also Die (1943),3377,"Drama|War,,",1749,3,974840716,M,25,2,10040,20-30
"Happiest Millionaire, The (1967)",2049,"Comedy|Musical,",10,5,978229624,F,35,1,95370,30-40
Happiness (1998),2318,"Comedy,,",5,4,978242640,M,25,20,55455,20-30
Happy Gilmore (1996),104,"Comedy,,",3,4,978298486,M,25,15,55117,20-30
Happy Go Lovely (1951),3315,"Musical,,",4579,2,1033002064,F,18,4,63332,10-20
Happy Weekend (1996),644,"Comedy,,",1470,2,974836920,M,18,4,94118,10-20
"Happy, Texas (1999)",2891,"Comedy,",58,5,977941600,M,25,2,30303,20-30
"Hard 8 (a.k.a. Sydney, a.k.a. Hard Eight) (1996)",2952,"Crime|Thriller,",5,2,978245790,M,25,20,55455,20-30
Hard Core Logo (1996),2342,"Comedy,,",466,3,976226923,M,25,5,55405,20-30
"Hard Day's Night, A (1964)",2863,"Comedy|Musical,",10,4,978226443,F,35,1,95370,30-40
Hard Rain (1998),1752,"Action|Thriller,,",48,2,978066474,M,25,4,92107,20-30
Hard Target (1993),464,"Action|Adventure|Crime|Thriller,,",73,3,977866431,M,18,4,53706,10-20
Hard-Boiled (Lashou shentan) (1992),3265,"Action|Crime,,",8,5,978229138,M,25,12,11413,20-30
Harlem (1993),545,"Drama,,",670,2,975627921,M,25,12,30303,20-30
"Harmonists, The (1997)",2493,"Drama,",187,4,977077030,F,45,1,94061,40-50
Harold and Maude (1971),1235,"Comedy,,",31,3,978121038,M,56,7,06840,50-60
Harriet the Spy (1996),801,"Children's|Comedy,,",75,5,977851216,F,1,10,01748,1-10
Harry and the Hendersons (1987),3388,"Comedy,,",10,3,978230736,F,35,1,95370,30-40
Harvey (1950),3088,"Comedy,,",31,5,978121181,M,56,7,06840,50-60
Hatchet For the Honeymoon (Rosso Segno Della Follia) (1969),3772,"Horror,,",1017,3,975013011,M,35,0,30906,30-40
"Hate (Haine, La) (1995)",97,"Drama,",131,4,977431812,M,18,4,06520,10-20
Haunted Honeymoon (1986),2786,"Comedy,,",56,1,977938555,M,35,20,60440,30-40
"Haunted World of Edward D. Wood Jr., The (1995)",722,"Documentary,",327,4,976399697,M,35,18,55448,30-40
"Haunting, The (1963)",2550,"Horror|Thriller,",28,4,978125885,F,25,1,14607,20-30
"Haunting, The (1999)",2719,"Horror|Thriller,",15,3,978196579,M,25,7,22903,20-30
Hav Plenty (1997),1903,"Comedy,,",525,4,977202217,M,35,6,19027,30-40
He Got Game (1998),1840,"Drama,,",8,4,978230577,M,25,12,11413,20-30
He Walked by Night (1948),1152,"Crime|Film-Noir|Thriller,,",33,3,978983262,M,45,3,55421,40-50
Head Above Water (1996),1565,"Comedy|Thriller,,",587,2,977416450,M,25,20,92649,20-30
Head On (1998),2775,"Drama,,",889,2,975254940,M,45,20,10024,40-50
Hear My Song (1991),1180,"Comedy,,",27,4,978129392,M,25,11,19130,20-30
Heart Condition (1990),2350,"Comedy,,",869,2,999377404,M,18,20,92026,10-20
Heart and Souls (1993),3466,"Comedy|Fantasy,,",10,5,979168267,F,35,1,95370,30-40
Heartbreak Ridge (1986),2476,"Action|War,,",93,4,977632147,M,25,17,95825,20-30
Heartburn (1986),2417,"Comedy|Drama,,",45,2,977991860,F,45,16,94110,40-50
Hearts and Minds (1996),1423,"Drama,,",238,5,976760529,F,50,7,90291,40-50
Heat (1995),6,"Action|Crime|Thriller,,",5,2,978245916,M,25,20,55455,20-30
Heathers (1989),1285,"Comedy,,",26,3,978146649,M,25,7,23112,20-30
Heaven & Earth (1993),465,"Action|Drama|War,,",8,5,978231173,M,25,12,11413,20-30
Heaven (1998),2608,"Thriller,,",1146,3,974939301,F,18,16,80260,10-20
Heaven Can Wait (1978),2779,"Comedy,,",26,3,978271603,M,25,7,23112,20-30
Heaven's Burning (1997),1832,"Action|Drama,,",4628,4,964050337,F,56,6,23225,50-60
Heaven's Prisoners (1996),731,"Mystery|Thriller,,",524,3,976171160,M,18,0,91320,10-20
Heavenly Creatures (1994),247,"Drama|Fantasy|Romance|Thriller,,",17,5,978159989,M,50,1,95350,40-50
Heavy (1995),764,"Drama|Romance,,",11,5,978219869,F,25,1,04093,20-30
Heavy Metal (1981),610,"Action|Adventure|Animation|Horror|Sci-Fi,,",17,4,978160993,M,50,1,95350,40-50
Heavyweights (1994),250,"Children's|Comedy,,",237,2,992229405,M,25,6,46835,20-30
Heidi Fleiss: Hollywood Madam (1995),99,"Documentary,,",173,4,979251788,M,25,0,45237,20-30
Held Up (2000),3595,"Comedy,,",1627,1,974721552,M,18,17,91505,10-20
Hell Night (1981),2878,"Horror,,",117,3,977505482,M,25,17,33314,20-30
Hell in the Pacific (1968),3143,"Drama|War,,",461,4,976232231,M,50,7,55075,40-50
Hellbound: Hellraiser II (1988),3918,"Horror,,",53,4,977980829,M,25,0,96931,20-30
Hello Mary Lou: Prom Night II (1987),1988,"Horror,,",117,1,977505042,M,25,17,33314,20-30
Hellraiser (1987),3917,"Horror,,",22,4,978155186,M,18,15,53706,10-20
Hellraiser III: Hell on Earth (1992),3919,"Horror,,",53,1,977980896,M,25,0,96931,20-30
Hellraiser: Bloodline (1996),611,"Action|Horror|Sci-Fi,,",53,2,977976632,M,25,0,96931,20-30
Help! (1965),2946,"Comedy|Musical,,",10,3,979168591,F,35,1,95370,30-40
Henry Fool (1997),1904,"Comedy|Drama,,",69,3,977881421,F,25,1,02143,20-30
Henry V (1989),1224,"Drama|War,,",28,4,978125566,F,25,1,14607,20-30
Henry: Portrait of a Serial Killer (1990),2159,"Crime|Horror,,",5,1,978244808,M,25,20,55455,20-30
"Henry: Portrait of a Serial Killer, Part 2 (1996)",2158,"Crime|Horror,",533,4,976140139,M,25,12,27514,20-30
Herbie Goes Bananas (1980),2050,"Adventure|Children's|Comedy,,",48,2,978066979,M,25,4,92107,20-30
Herbie Goes to Monte Carlo (1977),2051,"Adventure|Children's|Comedy,,",216,1,976867376,M,45,13,52761,40-50
Herbie Rides Again (1974),1011,"Adventure|Children's|Comedy,,",48,2,978130720,M,25,4,92107,20-30
Hercules (1997),1566,"Adventure|Animation|Children's|Comedy|Musical,,",1,4,978824330,F,1,10,48067,1-10
Here on Earth (2000),3453,"Drama|Romance,,",92,1,986188201,F,18,4,44243,10-20
Hero (1992),2252,"Comedy|Drama,,",10,5,980638688,F,35,1,95370,30-40
"Hi-Lo Country, The (1998)",2441,"Drama|Western,",1069,2,974944445,M,25,20,98105,20-30
"Hidden, The (1987)",3576,"Action|Horror|Sci-Fi,",17,4,978160616,M,50,1,95350,40-50
Hideaway (1995),240,"Thriller,,",73,3,977865574,M,18,4,53706,10-20
Hideous Kinky (1998),2590,"Drama,,",175,5,977112880,F,25,2,95123,20-30
"Hideous Sun Demon, The (1959)",3488,"Horror|Sci-Fi,",278,3,976587415,M,45,18,60482,40-50
High Art (1998),1897,"Drama|Romance,,",5,4,978246426,M,25,20,55455,20-30
High Fidelity (2000),3481,"Comedy,,",8,4,978228882,M,25,12,11413,20-30
High Noon (1952),1283,"Western,,",10,3,980638614,F,35,1,95370,30-40
High Plains Drifter (1972),2921,"Western,,",33,3,978983147,M,45,3,55421,40-50
High School High (1996),833,"Comedy,,",22,2,978154448,M,18,15,53706,10-20
Higher Learning (1995),358,"Drama,,",53,4,977985930,M,25,0,96931,20-30
Highlander (1986),1275,"Action|Adventure,,",18,5,978153241,F,18,3,95825,10-20
Highlander III: The Sorcerer (1994),405,"Action|Sci-Fi,,",18,1,978153874,F,18,3,95825,10-20
Highlander: Endgame (2000),3889,"Action|Adventure|Fantasy,,",18,1,978154050,F,18,3,95825,10-20
Hilary and Jackie (1998),2442,"Drama,,",8,4,978230550,M,25,12,11413,20-30
Hillbillys in a Haunted House (1967),3460,"Comedy,,",4344,1,965221762,M,25,1,44240,20-30
"Hippie Revolution, The (1996)",859,"Documentary,",1470,2,974839265,M,18,4,94118,10-20
His Girl Friday (1940),951,"Comedy,,",23,3,978459882,M,35,0,90049,30-40
History of the World: Part I (1981),2301,"Comedy,,",24,4,978132128,F,25,7,10023,20-30
"Hitch-Hiker, The (1953)",3121,"Film-Noir,",33,3,978108460,M,45,3,55421,40-50
Hocus Pocus (1993),2052,"Children's|Comedy,,",18,3,978155273,F,18,3,95825,10-20
Holiday Inn (1942),3061,"Comedy|Musical,,",35,3,978102032,M,45,1,02482,40-50
Hollow Man (2000),3826,"Horror|Sci-Fi|Thriller,,",9,2,978225758,M,25,17,61614,20-30
Hollow Reed (1996),1504,"Drama,,",889,2,975261608,M,45,20,10024,40-50
"Hollywood Knights, The (1980)",3619,"Comedy,",3,2,978298201,M,25,15,55117,20-30
Holy Man (1998),2306,"Comedy,,",11,1,978904849,F,25,1,04093,20-30
Holy Smoke (1999),3127,"Drama,,",175,4,977113017,F,25,2,95123,20-30
Home Alone (1990),586,"Children's|Comedy,,",10,3,978228747,F,35,1,95370,30-40
Home Alone 2: Lost in New York (1992),2953,"Children's|Comedy,,",18,1,978155409,F,18,3,95825,10-20
Home Alone 3 (1997),1707,"Children's|Comedy,,",63,1,977899712,M,18,4,54902,10-20
Home Fries (1998),2385,"Comedy|Romance,,",35,4,978104150,M,45,1,02482,40-50
Home Page (1999),3084,"Documentary,,",4795,4,962984650,M,45,16,10962,40-50
Home for the Holidays (1995),57,"Drama,,",187,5,977078470,F,45,1,94061,40-50
Homegrown (1998),1824,"Comedy|Thriller,,",99,2,977608790,F,1,10,19390,1-10
Homeward Bound II: Lost in San Francisco (1996),609,"Adventure|Children's,,",26,3,978140566,M,25,7,23112,20-30
Homeward Bound: The Incredible Journey (1993),1015,"Adventure|Children's,,",10,3,978230923,F,35,1,95370,30-40
"Honey, I Blew Up the Kid (1992)",2053,"Children's|Comedy|Sci-Fi,",26,1,978145681,M,25,7,23112,20-30
"Honey, I Shrunk the Kids (1989)",2054,"Adventure|Children's|Comedy|Fantasy|Sci-Fi,",10,4,978229409,F,35,1,95370,30-40
Honeymoon in Vegas (1992),3614,"Comedy|Romance,,",26,4,978275316,M,25,7,23112,20-30
Hoodlum (1997),1601,"Crime|Drama|Film-Noir,,",17,3,978161166,M,50,1,95350,40-50
Hook (1991),3489,"Adventure|Fantasy,,",10,4,979168295,F,35,1,95370,30-40
Hoop Dreams (1994),246,"Documentary,,",11,4,978902439,F,25,1,04093,20-30
Hoosiers (1986),3360,"Drama,,",26,5,978146594,M,25,7,23112,20-30
Hope Floats (1998),1888,"Comedy|Drama|Romance,,",26,3,978139827,M,25,7,23112,20-30
Horror Express (1972),3490,"Horror,,",293,1,976654872,M,56,1,55337-4056,50-60
Horror Hotel (a.k.a. The City of the Dead) (1960),3472,"Horror,,",2263,2,974580758,M,25,6,70508,20-30
"Horse Whisperer, The (1998)",1727,"Drama,",62,4,977904968,F,35,3,98105,30-40
"Horseman on the Roof, The (Hussard sur le toit, Le) (1995)",715,Drama,127,4,988496261,F,45,3,01770,40-50
Hot Lead and Cold Feet (1978),2055,"Comedy|Western,,",384,2,976300390,M,25,11,55075,20-30
Hot Shots! Part Deux (1993),466,"Action|Comedy|War,,",18,3,978153683,F,18,3,95825,10-20
"Hot Spot, The (1990)",3765,"Drama|Romance,",261,1,976673670,M,25,20,75801,20-30
Hotel de Love (1996),1455,"Comedy|Romance,,",396,2,976303471,M,25,1,56187,20-30
"Hour of the Pig, The (1993)",578,"Drama|Mystery,",454,5,976599114,M,25,20,55092,20-30
House (1986),2148,"Comedy|Horror,,",23,4,993706741,M,35,0,90049,30-40
House Arrest (1996),840,"Comedy,,",302,1,976506902,M,18,4,04901,10-20
House II: The Second Story (1987),2149,"Comedy|Horror,,",23,3,993706986,M,35,0,90049,30-40
House Party (1990),3773,"Comedy,,",15,2,978199167,M,25,7,22903,20-30
House Party 2 (1991),3774,"Comedy,,",21,1,978138977,M,18,16,99353,10-20
House Party 3 (1994),470,"Comedy,,",329,1,977871645,M,35,7,02115,30-40
House of Dracula (1945),2646,"Horror,,",19,2,978555104,M,1,10,48073,1-10
House of Frankenstein (1944),2647,"Horror,,",19,2,978555104,M,1,10,48073,1-10
"House of Yes, The (1997)",1648,"Comedy|Drama|Thriller,",53,4,977974218,M,25,0,96931,20-30
"House of the Spirits, The (1993)",469,"Drama|Romance,",45,1,977988850,F,45,16,94110,40-50
House on Haunted Hill (1958),2519,"Horror,,",83,1,977717273,F,25,2,94609,20-30
"House on Haunted Hill, The (1999)",2995,"Horror,",70,1,977877995,M,18,4,53703,10-20
Houseguest (1994),248,"Comedy,,",10,5,978229811,F,35,1,95370,30-40
How Green Was My Valley (1941),1935,"Drama,,",59,4,1041968094,F,50,1,55413,40-50
How I Won the War (1967),3049,"Comedy|War,,",54,4,977944280,M,50,1,56723,40-50
How Stella Got Her Groove Back (1998),2154,"Drama|Romance,,",26,3,978271624,M,25,7,23112,20-30
How to Be a Player (1997),1640,"Comedy,,",26,4,978138784,M,25,7,23112,20-30
How to Make an American Quilt (1995),46,"Drama|Romance,,",38,3,978044954,F,18,4,02215,10-20
How to Stuff a Wild Bikini (1965),3520,"Comedy,,",165,2,977200283,M,18,16,98502,10-20
Howard the Duck (1986),2450,"Adventure|Children's|Sci-Fi,,",18,1,978154693,F,18,3,95825,10-20
Howards End (1992),3260,"Drama,,",5,4,978245065,M,25,20,55455,20-30
Howling II: Your Sister Is a Werewolf (1985),2655,"Horror,,",245,1,976828174,M,35,16,66046,30-40
"Howling, The (1980)",1130,"Horror,",33,4,978110313,M,45,3,55421,40-50
Hud (1963),3467,"Drama|Western,,",35,4,978101415,M,45,1,02482,40-50
"Hudsucker Proxy, The (1994)",471,"Comedy|Romance,",26,4,978140977,M,25,7,23112,20-30
Hugo Pool (1997),1666,"Romance,,",45,3,977989159,F,45,16,94110,40-50
Human Traffic (1999),3581,"Drama,,",151,4,990839002,F,25,20,85013,20-30
"Hunchback of Notre Dame, The (1996)",783,"Animation|Children's|Musical,",1,4,978824291,F,1,10,48067,1-10
"Hungarian Fairy Tale, A (1987)",792,"Fantasy,",850,4,975357193,M,35,0,60640,30-40
"Hunger, The (1983)",3550,"Horror,",53,5,977980540,M,25,0,96931,20-30
"Hunt for Red October, The (1990)",1610,"Action|Thriller,",2,5,978299809,M,56,16,70072,50-60
"Hunted, The (1995)",251,"Action,",117,4,977501345,M,25,17,33314,20-30
Hurlyburly (1998),2435,"Drama,,",62,3,977901276,F,35,3,98105,30-40
Hurricane Streets (1998),1659,"Drama,,",352,3,976332205,M,18,4,60115,10-20
"Hurricane, The (1999)",3178,"Drama,",9,3,978224908,M,25,17,61614,20-30
Hush (1998),1798,"Thriller,,",329,1,976474386,M,35,7,02115,30-40
"Hustler, The (1961)",3468,"Drama,",2,5,978298542,M,56,16,70072,50-60
Hype! (1996),1310,"Documentary,,",9,3,978226006,M,25,17,61614,20-30
I Am Cuba (Soy Cuba/Ya Kuba) (1964),3245,"Drama,,",195,5,1025023134,M,25,12,10458,20-30
I Can't Sleep (J'ai pas sommeil) (1994),1369,"Drama|Thriller,,",1015,4,979452396,M,35,3,11220,30-40
I Confess (1953),2185,"Thriller,,",710,4,997515627,M,25,20,85207,20-30
I Don't Want to Talk About It (De eso no se habla) (1993),584,"Drama,,",4169,4,985827575,M,50,0,66048,40-50
I Dreamed of Africa (2000),3579,"Drama,,",133,5,977425000,F,25,0,55071,20-30
I Got the Hook Up (1998),1886,"Comedy,,",2063,2,975376958,M,25,4,43138,20-30
I Know What You Did Last Summer (1997),1644,"Horror|Mystery|Thriller,,",15,3,978212494,M,25,7,22903,20-30
I Like It Like That (1994),359,"Comedy|Drama|Romance,,",752,4,975460789,F,25,3,97401,20-30
I Love Trouble (1994),360,"Action|Comedy,,",48,2,978066474,M,25,4,92107,20-30
"I Love You, Don't Touch Me! (1998)",1850,"Drama|Romance,",1147,2,974873295,M,25,20,98101,20-30
"I Love You, I Love You Not (1996)",1685,"Romance,",1599,4,1025840289,M,25,0,92646,20-30
I Married A Strange Person (1997),2189,"Animation,,",22,4,978135226,M,18,15,53706,10-20
I Saw What You Did (1965),2856,"Thriller,,",16,1,978174597,F,35,0,20670,30-40
I Shot Andy Warhol (1996),766,"Drama,,",53,4,977984518,M,25,0,96931,20-30
I Stand Alone (Seul contre tous) (1998),2557,"Drama,,",1069,5,974943079,M,25,20,98105,20-30
I Still Know What You Did Last Summer (1998),2338,"Horror|Mystery|Thriller,,",19,2,978299555,M,1,10,48073,1-10
I Went Down (1997),1910,"Action|Comedy|Crime,,",149,3,978823202,M,25,1,29205,20-30
I'll Be Home For Christmas (1998),2339,"Comedy|Romance,,",45,3,977991821,F,45,16,94110,40-50
I'll Do Anything (1994),472,"Comedy|Drama,,",26,3,978145453,M,25,7,23112,20-30
I'll Never Forget What's 'is Name (1967),3337,"Comedy|Drama,,",4169,4,1014686727,M,50,0,66048,40-50
I'm Not Rappaport (1996),1317,"Comedy,,",214,4,976901209,M,18,20,80218,10-20
I'm the One That I Want (2000),3851,"Comedy,,",229,5,1039502752,M,18,10,04576,10-20
"I, Worst of All (Yo, la peor de todas) (1990)",789,Drama,1470,2,974838787,M,18,4,94118,10-20
I.Q. (1994),252,"Comedy|Romance,,",26,4,978141219,M,25,7,23112,20-30
"Ice Storm, The (1997)",1635,"Drama,",5,4,978245314,M,25,20,55455,20-30
"Ideal Husband, An (1999)",2690,"Comedy,",68,5,991375840,M,18,4,53706,10-20
Identification of a Woman (Identificazione di una donna) (1982),1360,"Drama,,",1352,2,1014502927,M,35,20,94122,30-40
"Idiots, The (Idioterne) (1998)",3569,"Comedy|Drama,",281,5,976572051,F,35,0,94117,30-40
Idle Hands (1999),2606,"Comedy|Horror,,",53,3,977949256,M,25,0,96931,20-30
"Idolmaker, The (1980)",3586,"Drama,",238,4,976766809,F,50,7,90291,40-50
If Lucy Fell (1996),118,"Comedy|Romance,,",26,5,978141322,M,25,7,23112,20-30
If.... (1968),2285,"Drama,,",104,3,1016055748,M,25,12,00926,20-30
Illtown (1996),1842,"Crime|Drama,,",4766,4,963087998,M,35,16,10014,30-40
Illuminata (1998),2767,"Comedy,,",352,1,976336434,M,18,4,60115,10-20
"Ilsa, She Wolf of the SS (1974)",3847,"Horror,",1017,3,975012235,M,35,0,30906,30-40
Immortal Beloved (1994),249,"Drama|Romance,,",11,3,978220645,F,25,1,04093,20-30
Impact (1949),3413,"Crime|Drama,,",3945,4,965690592,F,45,1,96778,40-50
"Impostors, The (1998)",2295,"Comedy,",157,4,977250051,M,35,16,12866,30-40
In & Out (1997),1614,"Comedy,,",17,5,978158471,M,50,1,95350,40-50
"In Crowd, The (2000)",3797,"Thriller,",57,1,977935895,M,18,19,30350,10-20
In Dreams (1999),2446,"Thriller,,",302,1,976506535,M,18,4,04901,10-20
In God's Hands (1998),1796,"Action|Drama,,",195,4,1030981343,M,25,12,10458,20-30
In Love and War (1996),1398,"Romance|War,,",45,2,977988650,F,45,16,94110,40-50
In Old California (1942),3642,"Western,,",1140,3,974879178,F,45,2,73069,40-50
In Search of the Castaways (1962),2056,"Adventure|Children's,,",518,4,980963755,F,35,12,75240,30-40
In Too Deep (1999),2812,"Action|Thriller,,",149,3,977326503,M,25,1,29205,20-30
In the Army Now (1994),473,"Comedy|War,,",22,2,978154448,M,18,15,53706,10-20
In the Bleak Midwinter (1995),96,"Comedy,,",386,4,976303312,M,25,0,55408,20-30
In the Company of Men (1997),1594,"Drama,,",5,1,978245548,M,25,20,55455,20-30
In the Heat of the Night (1967),1950,"Drama|Mystery,,",53,5,977978671,M,25,0,96931,20-30
In the Line of Duty 2 (1987),980,"Action,,",881,2,975264840,M,18,14,76401,10-20
In the Line of Fire (1993),474,"Action|Thriller,,",7,5,978234842,M,35,1,06810,30-40
In the Mouth of Madness (1995),407,"Horror|Thriller,,",117,3,977504514,M,25,17,33314,20-30
In the Name of the Father (1993),475,"Drama,,",18,4,978157031,F,18,3,95825,10-20
In the Realm of the Senses (Ai no corrida) (1976),495,"Drama,,",195,5,1002126900,M,25,12,10458,20-30
Incognito (1997),1675,"Crime|Thriller,,",1150,3,975193714,F,25,20,75226,20-30
"Incredible Journey, The (1963)",2057,"Adventure|Children's,",58,4,977941185,M,25,2,30303,20-30
"Incredibly True Adventure of Two Girls in Love, The (1995)",3046,"Comedy|Romance,",5,3,978244962,M,25,20,55455,20-30
Indecent Proposal (1993),2269,"Drama,,",26,3,978271640,M,25,7,23112,20-30
Independence Day (ID4) (1996),780,"Action|Sci-Fi|War,,",2,3,978299966,M,56,16,70072,50-60
Indian Summer (a.k.a. Alive & Kicking) (1996),1642,"Comedy|Drama,,",203,2,976929322,F,18,4,53715,10-20
"Indian in the Cupboard, The (1995)",60,"Adventure|Children's|Fantasy,",13,2,978202491,M,45,1,93304,40-50
Indiana Jones and the Last Crusade (1989),1291,"Action|Adventure,,",3,4,978297600,M,25,15,55117,20-30
Indiana Jones and the Temple of Doom (1984),2115,"Action|Adventure,,",3,4,978297777,M,25,15,55117,20-30
Indochine (1992),2943,"Drama|Romance,,",2,4,978298372,M,56,16,70072,50-60
Inferno (1980),3587,"Horror,,",33,3,978983457,M,45,3,55421,40-50
Infinity (1996),993,"Drama,,",90,3,993875994,M,56,13,85749,50-60
Inherit the Wind (1960),3469,"Drama,,",27,5,978129930,M,25,11,19130,20-30
"Inheritors, The (Die Siebtelbauern) (1998)",2309,"Drama,",4790,5,963105678,F,25,2,94133,20-30
"Inkwell, The (1994)",476,"Comedy|Drama,",8,3,978230687,M,25,12,11413,20-30
"Innocents, The (1961)",1076,"Thriller,",222,4,976834761,M,25,1,55116,20-30
"Insider, The (1999)",3006,"Drama,",5,3,978245422,M,25,20,55455,20-30
Insomnia (1997),1889,"Thriller,,",127,3,988496726,F,45,3,01770,40-50
Inspector Gadget (1999),2720,"Action|Adventure|Children's|Comedy,,",16,1,978174597,F,35,0,20670,30-40
"Inspector General, The (1949)",963,"Musical,",10,5,978227669,F,35,1,95370,30-40
Instinct (1999),2676,"Drama|Thriller,,",15,3,978196625,M,25,7,22903,20-30
"Institute Benjamenta, or This Dream People Call Human Life (1995)",729,"Drama,",1069,5,974944293,M,25,20,98105,20-30
Interiors (1978),3813,"Drama,,",136,5,977421893,M,18,2,21202,10-20
Interview with the Vampire (1994),253,"Drama|Horror,,",8,5,978230943,M,25,12,11413,20-30
Intimate Relations (1996),1528,"Comedy,,",1608,1,974730255,M,25,11,75230,20-30
Invasion of the Body Snatchers (1956),2664,"Horror|Sci-Fi,,",17,5,978160546,M,50,1,95350,40-50
Inventing the Abbotts (1997),1498,"Drama|Romance,,",11,3,978221017,F,25,1,04093,20-30
"Invisible Man, The (1933)",3932,"Horror|Sci-Fi,",17,3,978160437,M,50,1,95350,40-50
"Ipcress File, The (1965)",2983,"Thriller,",33,4,978983205,M,45,3,55421,40-50
Irma la Douce (1963),3076,"Comedy,,",45,3,977991240,F,45,16,94110,40-50
Iron Eagle (1986),2815,"Action|War,,",36,1,978210310,M,25,3,94123,20-30
Iron Eagle II (1988),2816,"Action|War,,",40,1,978041398,M,45,0,10543,40-50
Iron Eagle IV (1995),2818,"Action|War,,",93,1,977633367,M,25,17,95825,20-30
"Iron Giant, The (1999)",2761,"Animation|Children's,",16,4,978174639,F,35,0,20670,30-40
"Island of Dr. Moreau, The (1996)",880,"Sci-Fi|Thriller,",42,2,978040079,M,25,8,24502,20-30
Isn't She Great? (2000),3239,"Comedy,,",329,1,976394069,M,35,7,02115,30-40
It Came from Beneath the Sea (1955),2663,"Sci-Fi,,",17,3,978160933,M,50,1,95350,40-50
It Came from Hollywood (1982),2659,"Comedy|Documentary,,",173,4,979251558,M,25,0,45237,20-30
It Came from Outer Space (1953),2661,"Sci-Fi,,",17,4,978160739,M,50,1,95350,40-50
It Conquered the World (1956),2666,"Sci-Fi,,",165,4,977198784,M,18,16,98502,10-20
It Could Happen to You (1994),361,"Drama|Romance,,",26,4,978275709,M,25,7,23112,20-30
It Happened Here (1961),3336,"Drama,,",4277,3,985508256,M,35,16,98133,30-40
It Happened One Night (1934),905,"Comedy,,",27,5,978129418,M,25,11,19130,20-30
It Takes Two (1995),38,"Comedy,,",26,2,978145985,M,25,7,23112,20-30
It's My Party (1995),685,"Drama,,",187,4,977233124,F,45,1,94061,40-50
It's a Wonderful Life (1946),953,"Drama,,",10,5,978226474,F,35,1,95370,30-40
It's in the Water (1998),3631,"Comedy,,",3518,3,986484763,F,18,7,11215,10-20
JFK (1991),3386,"Drama|Mystery,,",5,2,978245948,M,25,20,55455,20-30
JLG/JLG - autoportrait de décembre (1994),1149,"Documentary|Drama,,",389,1,976299069,M,25,6,68128,20-30
Jack (1996),765,"Comedy|Drama,,",10,4,978230330,F,35,1,95370,30-40
Jack Frost (1998),2392,"Comedy|Drama,,",16,2,978174639,F,35,0,20670,30-40
Jack and Sarah (1995),638,"Romance,,",151,3,978682553,F,25,20,85013,20-30
"Jackal, The (1997)",1687,"Action|Thriller,",2,3,978300174,M,56,16,70072,50-60
Jackie Brown (1997),1729,"Crime|Drama,,",5,4,978245763,M,25,20,55455,20-30
Jackie Chan's First Strike (1996),1429,"Action,,",5,3,978245829,M,25,20,55455,20-30
Jacob's Ladder (1990),3476,"Horror|Mystery|Thriller,,",5,3,978245916,M,25,20,55455,20-30
Jade (1995),132,"Thriller,,",62,3,977905426,F,35,3,98105,30-40
Jagged Edge (1985),3102,"Thriller,,",29,4,978122580,M,35,7,33407,30-40
Jail Bait (1954),3335,"Crime|Drama,,",293,1,976561375,M,56,1,55337-4056,50-60
Jakob the Liar (1999),2882,"Drama,,",15,3,978196625,M,25,7,22903,20-30
Jamaica Inn (1939),2207,"Drama,,",699,2,986442349,M,18,0,73505,10-20
"James Dean Story, The (1957)",3136,"Documentary,",1470,1,974838632,M,18,4,94118,10-20
James and the Giant Peach (1996),661,"Animation|Children's|Musical,,",1,3,978302109,F,1,10,48067,1-10
Jane Eyre (1996),613,"Drama|Romance,,",187,4,977077855,F,45,1,94061,40-50
"Jar, The (Khomreh) (1992)",758,"Drama,",1069,4,974942506,M,25,20,98105,20-30
Jason's Lyric (1994),391,"Crime|Drama,,",149,3,993153972,M,25,1,29205,20-30
Jawbreaker (1999),2500,"Comedy,,",51,3,977947792,F,1,10,10562,1-10
Jaws (1975),1387,"Action|Horror,,",4,5,978294199,M,45,7,02460,40-50
Jaws 2 (1978),1388,"Action|Horror,,",23,3,993706949,M,35,0,90049,30-40
Jaws 3-D (1983),1389,"Action|Horror,,",123,2,977591329,M,35,9,67208,30-40
Jean de Florette (1986),1131,"Drama,,",77,3,977813470,M,18,4,15321,10-20
Jeanne and the Perfect Guy (Jeanne et le garçon formidable) (1998),2591,"Comedy|Romance,,",1625,3,974723918,M,45,0,04330,40-50
Jefferson in Paris (1995),254,"Drama,,",62,4,977903227,F,35,3,98105,30-40
Jeffrey (1995),171,"Comedy,,",126,3,977444941,M,18,9,98117,10-20
Jennifer 8 (1992),3557,"Thriller,,",53,4,977974764,M,25,0,96931,20-30
Jeremiah Johnson (1972),3074,"Western,,",6,5,978238036,F,50,9,55117,40-50
"Jerk, The (1979)",2109,"Comedy,",10,4,978229007,F,35,1,95370,30-40
"Jerky Boys, The (1994)",255,"Comedy,",169,4,977205897,M,25,7,55439,20-30
Jerry & Tom (1998),3876,"Drama,,",1470,2,974838371,M,18,4,94118,10-20
Jerry Maguire (1996),1393,"Drama|Romance,,",8,5,978229702,M,25,12,11413,20-30
Jerry Springer: Ringmaster (1998),2386,"Drama,,",319,1,976421274,F,50,6,33436,40-50
Jesus' Son (1999),3747,"Drama,,",53,5,977984409,M,25,0,96931,20-30
"Jewel of the Nile, The (1985)",2405,"Action|Adventure|Comedy|Romance,",10,4,978230754,F,35,1,95370,30-40
Jimmy Hollywood (1994),478,"Comedy,,",352,3,976335955,M,18,4,60115,10-20
Jingle All the Way (1996),1359,"Adventure|Children's|Comedy,,",48,2,978130789,M,25,4,92107,20-30
Joe Gould's Secret (2000),3514,"Drama,,",5,2,978243869,M,25,20,55455,20-30
Joe the King (1999),2963,"Crime|Drama,,",187,4,977078937,F,45,1,94061,40-50
Joe's Apartment (1996),829,"Comedy|Musical,,",48,2,978146927,M,25,4,92107,20-30
Johnny 100 Pesos (1993),1134,"Action|Drama,,",261,3,976670008,M,25,20,75801,20-30
Johnny Mnemonic (1995),172,"Action|Sci-Fi|Thriller,,",36,4,978062488,M,25,3,94123,20-30
Johns (1996),1063,"Drama,,",126,5,977444998,M,18,9,98117,10-20
Jonah Who Will Be 25 in the Year 2000 (1976),3473,"Comedy,,",35,3,978101732,M,45,1,02482,40-50
"Journey of August King, The (1995)",90,"Drama,",1069,2,974943649,M,25,20,98105,20-30
"Journey of Natty Gann, The (1985)",2077,"Adventure|Children's,",10,3,979775266,F,35,1,95370,30-40
"Joy Luck Club, The (1993)",1678,"Drama,",8,5,978230649,M,25,12,11413,20-30
"Joyriders, The (1999)",2592,"Drama,",2063,3,1035152972,M,25,4,43138,20-30
Jude (1996),1056,"Drama,,",524,3,976169516,M,18,0,91320,10-20
Judge Dredd (1995),173,"Action|Adventure|Sci-Fi,,",22,3,978154929,M,18,15,53706,10-20
Judgment Night (1993),479,"Action,,",163,3,977219926,M,18,4,85013,10-20
Judy Berlin (1999),3319,"Drama,,",752,1,997216452,F,25,3,97401,20-30
Jules and Jim (Jules et Jim) (1961),2732,"Drama,,",35,5,978101388,M,45,1,02482,40-50
Julien Donkey-Boy (1999),2964,"Drama,,",225,1,976832094,M,25,7,11215,20-30
Jumanji (1995),2,"Adventure|Children's|Fantasy,,",10,5,979168267,F,35,1,95370,30-40
Jumpin' Jack Flash (1986),2468,"Action|Comedy|Romance|Thriller,,",45,4,977989278,F,45,16,94110,40-50
"Jungle Book, The (1967)",2078,"Animation|Children's|Comedy|Musical,",10,4,978227646,F,35,1,95370,30-40
"Jungle Book, The (1994)",362,"Adventure|Children's|Romance,",75,3,977851256,F,1,10,01748,1-10
Jungle Fever (1991),3426,"Drama|Romance,,",26,3,978271666,M,25,7,23112,20-30
Jungle2Jungle (a.k.a. Jungle 2 Jungle) (1997),1474,"Children's|Comedy,,",48,1,978148051,M,25,4,92107,20-30
Junior (1994),256,"Comedy|Sci-Fi,,",22,2,978154976,M,18,15,53706,10-20
Junk Mail (1997),1861,"Comedy|Thriller,,",53,3,977975723,M,25,0,96931,20-30
Juno and Paycock (1930),2218,"Drama,,",4802,2,1014866656,M,56,1,40601,50-60
Jupiter's Wife (1994),128,"Documentary,,",235,5,976770205,M,25,0,98153,20-30
Jurassic Park (1993),480,"Action|Adventure|Sci-Fi,,",2,5,978299809,M,56,16,70072,50-60
"Juror, The (1996)",79,"Drama|Thriller,",62,3,977905551,F,35,3,98105,30-40
Jury Duty (1995),174,"Comedy,,",202,2,976941284,M,18,4,53706,10-20
Just Cause (1995),257,"Mystery|Thriller,,",15,3,978212463,M,25,7,22903,20-30
Just the Ticket (1999),2510,"Comedy|Romance,,",731,3,975530631,M,45,3,55410,40-50
Kagemusha (1980),3091,"Drama|War,,",35,5,978101051,M,45,1,02482,40-50
Kalifornia (1993),481,"Drama|Thriller,,",11,5,978221260,F,25,1,04093,20-30
Kama Sutra: A Tale of Love (1996),1475,"Romance,,",163,1,977322823,M,18,4,85013,10-20
Kansas City (1996),869,"Crime,,",74,3,993338919,M,35,14,94530,30-40
"Karate Kid III, The (1989)",2422,"Action|Adventure|Drama,",18,1,978154031,F,18,3,95825,10-20
"Karate Kid, Part II, The (1986)",2421,Action|Adventure|Drama,18,1,978154693,F,18,3,95825,10-20
"Karate Kid, The (1984)",2420,"Drama,",26,3,978146923,M,25,7,23112,20-30
Kaspar Hauser (1993),824,"Drama,,",35,5,978100700,M,45,1,02482,40-50
Kazaam (1996),810,"Children's|Comedy|Fantasy,,",92,1,986710732,F,18,4,44243,10-20
Keeping the Faith (2000),3536,"Comedy|Romance,,",6,5,978238230,F,50,9,55117,40-50
Kelly's Heroes (1970),3836,"Action|Comedy|War,,",29,5,978136307,M,35,7,33407,30-40
"Kentucky Fried Movie, The (1977)",3760,"Comedy,",33,3,978110026,M,45,3,55421,40-50
Kestrel's Eye (Falkens öga) (1998),3237,"Documentary,,",3476,1,967133420,M,50,0,44126,40-50
Key Largo (1948),3334,"Crime|Drama|Film-Noir|Thriller,,",2,4,978298958,M,56,16,70072,50-60
Keys to Tulsa (1997),1501,"Crime,,",524,3,976173325,M,18,0,91320,10-20
Kicked in the Head (1997),1622,"Comedy|Drama,,",881,3,975264131,M,18,14,76401,10-20
Kicking and Screaming (1995),72,"Comedy|Drama,,",78,3,978570974,F,45,1,98029,40-50
"Kid in King Arthur's Court, A (1995)",258,"Adventure|Children's|Comedy|Fantasy|Romance,",40,1,978040922,M,45,0,10543,40-50
"Kid, The (1921)",3310,"Action,",307,5,976485638,M,50,16,90027,40-50
"Kid, The (2000)",3784,"Comedy,",61,3,977903113,M,25,17,95122,20-30
Kidnapped (1960),2079,"Children's|Drama,,",62,4,977969867,F,35,3,98105,30-40
Kids (1995),175,"Drama,,",24,4,978133814,F,25,7,10023,20-30
Kids in the Hall: Brain Candy (1996),663,"Comedy,,",11,4,978904024,F,25,1,04093,20-30
Kids of the Round Table (1995),56,"Adventure|Children's|Fantasy,,",476,3,976220847,M,35,0,55127,30-40
Kika (1993),567,"Drama,,",1069,3,974945055,M,25,20,98105,20-30
Killer (Bulletproof Heart) (1994),561,"Thriller,,",53,5,977973053,M,25,0,96931,20-30
"Killer Shrews, The (1959)",3933,"Horror|Sci-Fi,",94,3,977628482,M,25,17,28601,20-30
Killer's Kiss (1955),2727,"Film-Noir,,",700,4,975555562,M,50,17,14650,40-50
"Killer, The (Die xue shuang xiong) (1989)",1218,"Action|Thriller,",23,5,978465744,M,35,0,90049,30-40
Killer: A Journal of Murder (1995),874,"Crime|Drama,,",2051,1,974663144,M,35,7,93906,30-40
"Killing Fields, The (1984)",1299,"Drama|War,",33,3,978108478,M,45,3,55421,40-50
Killing Zoe (1994),482,"Thriller,,",53,5,977973175,M,25,0,96931,20-30
"Killing of Sister George, The (1968)",3333,"Drama,",850,4,975352651,M,35,0,60640,30-40
"Killing, The (1956)",2726,"Crime|Film-Noir,",23,4,978462195,M,35,0,90049,30-40
Kim (1950),755,"Children's|Drama,,",284,4,976574177,M,25,12,91910,20-30
"Kindred, The (1986)",2740,"Horror,",278,3,976586668,M,45,18,60482,40-50
King Creole (1958),3605,"Drama|Musical,,",53,4,977979957,M,25,0,96931,20-30
King Kong (1933),2366,"Action|Adventure|Horror,,",4,4,978294230,M,45,7,02460,40-50
King Kong (1976),2367,"Action|Adventure|Horror,,",19,2,982190694,M,1,10,48073,1-10
King Kong Lives (1986),2368,"Action|Adventure|Horror,,",117,2,977505439,M,25,17,33314,20-30
King Kong vs. Godzilla (Kingukongu tai Gojira) (1962),2365,"Action|Sci-Fi,,",58,4,977935958,M,25,2,30303,20-30
"King and I, The (1956)",2565,"Musical,",33,5,978558758,M,45,3,55421,40-50
"King and I, The (1999)",2559,"Animation|Children's,",75,4,977852631,F,1,10,01748,1-10
"King in New York, A (1957)",3640,"Comedy|Drama,",31,2,978121516,M,56,7,06840,50-60
"King of Marvin Gardens, The (1972)",3588,"Crime|Drama,",588,3,980179435,F,25,11,23220,20-30
"King of Masks, The (Bian Lian) (1996)",2609,"Drama,",131,3,977431949,M,18,4,06520,10-20
King of New York (1990),1785,"Action|Crime,,",29,3,978136203,M,35,7,33407,30-40
King of the Hill (1993),483,"Drama,,",187,4,977076997,F,45,1,94061,40-50
Kingpin (1996),785,"Comedy,,",19,4,979429334,M,1,10,48073,1-10
"Kiss Me, Guido (1997)",1612,"Comedy,",151,3,993119819,F,25,20,85013,20-30
Kiss of Death (1995),259,"Crime|Drama|Thriller,,",53,4,977986431,M,25,0,96931,20-30
Kiss the Girls (1997),1620,"Crime|Drama|Thriller,,",38,4,978046134,F,18,4,02215,10-20
Kissed (1996),1502,"Romance,,",151,4,978682521,F,25,20,85013,20-30
Kissing a Fool (1998),1854,"Comedy|Romance,,",202,4,976934981,M,18,4,53706,10-20
Klute (1971),1964,"Drama|Mystery,,",35,5,978102921,M,45,1,02482,40-50
Knightriders (1981),3805,"Action|Adventure|Drama,,",524,3,976170908,M,18,0,91320,10-20
Knock Off (1998),2196,"Action,,",73,2,977867653,M,18,4,53706,10-20
Kolya (1996),1446,"Comedy,,",9,3,978226150,M,25,17,61614,20-30
Koyaanisqatsi (1983),1289,"Documentary|War,,",136,5,977530426,M,18,2,21202,10-20
Kramer Vs. Kramer (1979),1955,"Drama,,",2,4,978299200,M,56,16,70072,50-60
Krippendorf's Tribe (1998),1855,"Comedy,,",130,1,977431200,M,35,17,50021,30-40
Kronos (1957),3934,"Sci-Fi,,",121,4,977459200,M,35,7,75229,30-40
Kronos (1973),3935,"Horror,,",33,2,978983298,M,45,3,55421,40-50
Kull the Conqueror (1997),1606,"Action|Adventure,,",18,2,978153977,F,18,3,95825,10-20
Kundun (1997),1730,"Drama,,",5,4,978244603,M,25,20,55455,20-30
Kurt & Courtney (1998),1856,"Documentary|Musical,,",136,3,977530446,M,18,2,21202,10-20
L.A. Confidential (1997),1617,"Crime|Film-Noir|Mystery|Thriller,,",5,3,978244025,M,25,20,55455,20-30
L.A. Story (1991),2108,"Comedy|Romance,,",10,5,979167867,F,35,1,95370,30-40
Labyrinth (1986),1967,"Adventure|Children's|Fantasy,,",10,5,978227442,F,35,1,95370,30-40
"Lady Eve, The (1941)",2935,"Comedy|Romance,",31,4,978121716,M,56,7,06840,50-60
"Lady Vanishes, The (1938)",2208,"Comedy|Mystery|Romance|Thriller,",31,4,978121516,M,56,7,06840,50-60
Lady and the Tramp (1955),2080,"Animation|Children's|Comedy|Musical|Romance,,",10,4,978226866,F,35,1,95370,30-40
Lady of Burlesque (1943),958,"Comedy|Mystery,,",235,3,977093819,M,25,0,98153,20-30
Ladybird Ladybird (1994),263,"Drama,,",225,4,976832291,M,25,7,11215,20-30
Ladyhawke (1985),3479,"Adventure|Fantasy|Romance,,",13,4,978202283,M,45,1,93304,40-50
Lake Placid (1999),2713,"Horror|Thriller,,",16,2,978174639,F,35,0,20670,30-40
Lamerica (1994),53,"Drama,,",1069,4,974945239,M,25,20,98105,20-30
Land Before Time III: The Time of the Great Giving (1995),888,"Animation|Children's,,",563,1,976045348,M,25,4,53703,20-30
"Land Girls, The (1998)",1898,"Drama|War,",975,4,975121895,M,35,0,98136,30-40
Land and Freedom (Tierra y libertad) (1995),632,"War,,",195,5,1042095314,M,25,12,10458,20-30
Larger Than Life (1996),813,"Comedy,,",12,3,978218949,M,25,12,32793,20-30
Lassie (1994),484,"Adventure|Children's,,",310,2,976483473,F,18,4,31207,10-20
Last Action Hero (1993),485,"Action|Comedy,,",18,2,978153854,F,18,3,95825,10-20
Last Dance (1996),726,"Drama,,",319,3,976419589,F,50,6,33436,40-50
"Last Days of Disco, The (1998)",1836,"Drama,",1,5,978300172,F,1,10,48067,1-10
"Last Days, The (1998)",2494,"Documentary,",148,4,979577593,M,50,17,57747,40-50
"Last Detail, The (1973)",3200,"Comedy|Drama,",31,3,978121652,M,56,7,06840,50-60
"Last Emperor, The (1987)",1960,"Drama|War,",18,5,978156549,F,18,3,95825,10-20
"Last Klezmer: Leopold Kozlowski, His Life and Music, The (1995)",791,Documentary,3367,3,970080151,M,50,16,10025,40-50
Last Man Standing (1996),996,"Action|Drama|Western,,",48,3,978065845,M,25,4,92107,20-30
Last Night (1998),3008,"Thriller,,",187,4,977232892,F,45,1,94061,40-50
"Last Picture Show, The (1971)",3152,"Drama,",26,5,978272609,M,25,7,23112,20-30
Last Resort (1994),3463,"Comedy,,",647,1,975714860,M,35,12,85224,30-40
"Last September, The (1999)",3570,"Drama,",731,5,975508179,M,45,3,55410,40-50
Last Summer in the Hamptons (1995),84,"Comedy|Drama,,",78,5,978570873,F,45,1,98029,40-50
"Last Supper, The (1995)",627,"Drama|Thriller,",131,3,977598541,M,18,4,06520,10-20
"Last Temptation of Christ, The (1988)",2022,"Drama,",161,4,977222411,M,45,16,98107-2117,40-50
"Last Time I Committed Suicide, The (1997)",1567,"Drama,",655,1,975700443,F,25,2,92629,20-30
"Last Time I Saw Paris, The (1954)",972,"Drama,",1141,2,974878718,F,25,3,84770,20-30
"Last of the High Kings, The (a.k.a. Summer Fling) (1996)",763,"Drama,",4169,3,978663826,M,50,0,66048,40-50
"Last of the Mohicans, The (1992)",1408,"Action|Romance|War,",2,3,978299839,M,56,16,70072,50-60
"Late August, Early September (Fin août, début septembre) (1998)",2705,Drama,1069,5,974943302,M,25,20,98105,20-30
Late Bloomers (1996),1553,"Comedy,,",1470,2,974839011,M,18,4,94118,10-20
Laura (1944),942,"Crime|Film-Noir|Mystery,,",17,4,978159040,M,50,1,95350,40-50
Lawn Dogs (1997),1880,"Drama,,",26,3,978140311,M,25,7,23112,20-30
Lawnmower Man 2: Beyond Cyberspace (1996),66,"Sci-Fi|Thriller,,",42,2,978039659,M,25,8,24502,20-30
"Lawnmower Man, The (1992)",1037,"Action|Sci-Fi|Thriller,",22,1,978137099,M,18,15,53706,10-20
Lawrence of Arabia (1962),1204,"Adventure|War,,",10,4,978225456,F,35,1,95370,30-40
"Lay of the Land, The (1997)",1630,"Comedy|Drama,",1470,2,974915568,M,18,4,94118,10-20
"Leading Man, The (1996)",1749,"Romance,",343,4,1003523093,F,35,3,55127,30-40
"League of Their Own, A (1992)",3255,"Comedy|Drama,",2,4,978299321,M,56,16,70072,50-60
Leather Jacket Love Story (1997),1851,"Drama|Romance,,",2796,4,997320494,M,25,14,92104,20-30
Leatherface: Texas Chainsaw Massacre III (1990),2461,"Horror,,",44,1,978041318,M,45,17,98052,40-50
Leave It to Beaver (1997),1602,"Comedy,,",48,2,978147812,M,25,4,92107,20-30
Leaving Las Vegas (1995),25,"Drama|Romance,,",8,5,978229477,M,25,12,11413,20-30
Legal Deceit (1997),1709,"Thriller,,",4553,2,964551353,F,35,16,48237,30-40
Legend (1985),2143,"Adventure|Fantasy|Romance,,",18,5,978152573,F,18,3,95825,10-20
"Legend of 1900, The (Leggenda del pianista sull'oceano) (1998)",2691,"Drama,",829,5,975369616,M,1,19,53711,1-10
Legends of the Fall (1994),266,"Drama|Romance|War|Western,,",6,4,978237909,F,50,9,55117,40-50
Let's Get Harry (1986),3389,"Action|Adventure,,",123,3,977529656,M,35,9,67208,30-40
Let's Talk About Sex (1998),2234,"Drama,,",1069,1,974945262,M,25,20,98105,20-30
Lethal Weapon (1987),2000,"Action|Comedy|Crime|Drama,,",10,5,978226319,F,35,1,95370,30-40
Lethal Weapon 2 (1989),2001,"Action|Comedy|Crime|Drama,,",10,4,978227669,F,35,1,95370,30-40
Lethal Weapon 3 (1992),2002,"Action|Comedy|Crime|Drama,,",2,5,978300100,M,56,16,70072,50-60
Lethal Weapon 4 (1998),1918,"Action|Comedy|Crime|Drama,,",10,3,978230230,F,35,1,95370,30-40
Liar Liar (1997),1485,"Comedy,,",5,3,978246576,M,25,20,55455,20-30
Liberty Heights (1999),3078,"Drama,,",53,5,977984409,M,25,0,96931,20-30
Licence to Kill (1989),2990,"Action,,",19,3,982190719,M,1,10,48073,1-10
Life (1999),2587,"Comedy,,",169,3,978507765,M,25,7,55439,20-30
Life Is Beautiful (La Vita è bella) (1997),2324,"Comedy|Drama,,",8,3,978230483,M,25,12,11413,20-30
"Life Less Ordinary, A (1997)",1658,"Romance|Thriller,",41,4,978039467,F,18,4,15116,10-20
"Life and Times of Hank Greenberg, The (1998)",3188,"Documentary,",173,5,988997836,M,25,0,45237,20-30
"Life of Émile Zola, The (1937)",1933,"Drama,",169,2,977208621,M,25,7,55439,20-30
Life with Mikey (1993),486,"Comedy,,",48,2,978013510,M,25,4,92107,20-30
Lifeboat (1944),2202,"Drama|Thriller|War,,",23,3,978466115,M,35,0,90049,30-40
Lifeforce (1985),2377,"Horror|Sci-Fi,,",17,5,978160993,M,50,1,95350,40-50
Light It Up (1999),3050,"Drama,,",229,4,1039505323,M,18,10,04576,10-20
Light Years (1988),3687,"Sci-Fi,,",1470,2,974838528,M,18,4,94118,10-20
Light of Day (1987),2755,"Drama,,",62,2,977909026,F,35,3,98105,30-40
Lightning Jack (1994),487,"Comedy|Western,,",26,2,978146357,M,25,7,23112,20-30
Like Water for Chocolate (Como agua para chocolate) (1992),265,"Drama|Romance,,",2,4,978299026,M,56,16,70072,50-60
Limbo (1999),2682,"Drama,,",35,4,978100700,M,45,1,02482,40-50
Limelight (1952),3559,"Drama,,",173,4,1023477818,M,25,0,45237,20-30
"Limey, The (1999)",2912,"Action|Crime|Drama,",17,4,978160228,M,50,1,95350,40-50
"Line King: Al Hirschfeld, The (1996)",1144,"Documentary,",873,3,975439881,M,56,6,19027,50-60
"Lion King, The (1994)",364,"Animation|Children's|Musical,",6,4,978237570,F,50,9,55117,40-50
Little Big League (1994),569,"Children's|Comedy,,",6,4,978236876,F,50,9,55117,40-50
Little Big Man (1970),3037,"Comedy|Drama|Western,,",10,5,978225682,F,35,1,95370,30-40
Little Boy Blue (1997),1890,"Drama,,",123,3,978185302,M,35,9,67208,30-40
Little Buddha (1993),365,"Drama,,",53,3,977986324,M,25,0,96931,20-30
Little City (1998),1782,"Comedy|Romance,,",45,2,977988489,F,45,16,94110,40-50
"Little Indian, Big City (Un indien dans la ville) (1994)",641,"Comedy,",1141,1,974878851,F,25,3,84770,20-30
Little Lord Fauntleroy (1936),961,"Drama,,",31,4,978120735,M,56,7,06840,50-60
Little Men (1998),1877,"Drama,,",1298,4,974837949,M,35,6,33615,30-40
"Little Mermaid, The (1989)",2081,"Animation|Children's|Comedy|Musical|Romance,",3,4,978298504,M,25,15,55117,20-30
Little Nemo: Adventures in Slumberland (1992),2800,"Animation|Children's,,",21,4,978139540,M,18,16,99353,10-20
Little Odessa (1994),268,"Drama,,",53,4,977987826,M,25,0,96931,20-30
"Little Princess, A (1995)",262,"Children's|Drama,",18,5,978155186,F,18,3,95825,10-20
"Little Princess, The (1939)",917,"Children's|Drama,",212,4,976946364,M,25,16,53714,20-30
"Little Rascals, The (1994)",575,"Children's|Comedy,",48,3,978066979,M,25,4,92107,20-30
Little Shop of Horrors (1986),2746,"Comedy|Horror|Musical,,",10,5,978228307,F,35,1,95370,30-40
"Little Shop of Horrors, The (1960)",2747,"Comedy|Horror,",31,5,978121242,M,56,7,06840,50-60
Little Voice (1998),2390,"Comedy,,",5,4,978242679,M,25,20,55455,20-30
Little Women (1994),261,"Drama,,",18,5,978157259,F,18,3,95825,10-20
Live Flesh (1997),1844,"Drama,,",195,4,978884068,M,25,12,10458,20-30
Live Nude Girls (1995),467,"Comedy,,",26,3,978144646,M,25,7,23112,20-30
Live Virgin (1999),3722,"Comedy,,",1306,2,1014018924,M,25,3,64068,20-30
Live and Let Die (1973),2991,"Action,,",19,5,978146910,M,1,10,48073,1-10
"Living Dead Girl, The (La Morte Vivante) (1982)",3085,"Horror,",1496,4,974750758,M,25,17,94108,20-30
Living Out Loud (1998),2331,"Comedy|Romance,,",35,3,978103896,M,45,1,02482,40-50
Living in Oblivion (1995),176,"Comedy,,",5,4,978244568,M,25,20,55455,20-30
Loaded (1994),614,"Drama|Thriller,,",673,1,975620290,M,25,20,10023,20-30
Loaded Weapon 1 (1993),3208,"Action|Comedy,,",19,3,978147313,M,1,10,48073,1-10
Local Hero (1983),1238,"Comedy,,",91,5,977666308,M,35,7,07650,30-40
"Lock, Stock & Two Smoking Barrels (1998)",2542,"Comedy|Crime|Thriller,",17,4,978160337,M,50,1,95350,40-50
"Lodger, The (1926)",2227,"Thriller,",549,5,976116161,M,25,6,53217,20-30
Logan's Run (1976),2528,"Action|Adventure|Sci-Fi,,",13,3,978202524,M,45,1,93304,40-50
Lolita (1962),2729,"Drama,,",62,4,977969775,F,35,3,98105,30-40
Lolita (1997),2025,"Drama|Romance,,",18,2,978156808,F,18,3,95825,10-20
Lone Star (1996),800,"Drama|Mystery,,",5,2,978244540,M,25,20,55455,20-30
Lonely Are the Brave (1962),3737,"Drama|Western,,",533,4,976141348,M,25,12,27514,20-30
"Long Goodbye, The (1973)",2511,"Crime,",23,3,978462555,M,35,0,90049,30-40
"Long Kiss Goodnight, The (1996)",1047,"Action|Thriller,",22,4,978136641,M,18,15,53706,10-20
"Long Walk Home, The (1990)",3713,"Drama,",17,4,978159210,M,50,1,95350,40-50
"Longest Day, The (1962)",3062,"Action|Drama|War,",29,4,978135986,M,35,7,33407,30-40
Looking for Richard (1996),1050,"Documentary|Drama,,",62,5,977901922,F,35,3,98105,30-40
Lord of Illusions (1995),177,"Horror,,",53,4,977980747,M,25,0,96931,20-30
Lord of the Flies (1963),3461,"Adventure|Drama|Thriller,,",15,4,978212698,M,25,7,22903,20-30
"Lord of the Rings, The (1978)",2116,"Adventure|Animation|Children's|Sci-Fi,",17,4,978160993,M,50,1,95350,40-50
"Lords of Flatbush, The (1974)",3590,"Comedy,",26,3,978273135,M,25,7,23112,20-30
Loser (1991),1107,"Comedy,,",1755,2,1029989403,F,18,4,77005,10-20
Loser (2000),3616,"Comedy|Romance,,",50,2,977960910,F,25,2,98133,20-30
Losing Chase (1996),1531,"Drama,,",212,3,976903711,M,25,16,53714,20-30
Losing Isaiah (1995),271,"Drama,,",157,3,977248407,M,35,16,12866,30-40
"Loss of Sexual Innocence, The (1999)",2674,"Drama,",33,3,978982589,M,45,3,55421,40-50
Lost & Found (1999),2597,"Comedy|Romance,,",163,2,977322650,M,18,4,85013,10-20
Lost Highway (1997),1464,"Mystery,,",33,3,978985495,M,45,3,55421,40-50
Lost Horizon (1937),944,"Drama,,",97,4,977622298,F,35,3,66210,30-40
"Lost Weekend, The (1945)",1938,"Drama,",62,4,977909562,F,35,3,98105,30-40
"Lost World: Jurassic Park, The (1997)",1544,"Action|Adventure|Sci-Fi|Thriller,",2,4,978300174,M,56,16,70072,50-60
Lost in Space (1998),1831,"Action|Sci-Fi|Thriller,,",10,5,979776206,F,35,1,95370,30-40
Lotto Land (1995),843,"Drama,,",4227,1,965325372,M,25,19,11414-2520,20-30
Love & Human Remains (1993),178,"Comedy,,",36,3,978063899,M,25,3,94123,20-30
Love & Sex (2000),3885,"Comedy|Romance,,",173,2,988998015,M,25,0,45237,20-30
Love Affair (1994),270,"Drama|Romance,,",531,3,978972925,F,18,14,22206,10-20
"Love Bewitched, A (El Amor Brujo) (1986)",2934,"Musical,",873,4,975440058,M,56,6,19027,50-60
"Love Bug, The (1969)",1010,"Children's|Comedy,",48,3,978063092,M,25,4,92107,20-30
Love Is a Many-Splendored Thing (1955),3414,"Romance,,",59,3,1041963108,F,50,1,55413,40-50
Love Is the Devil (1998),2304,"Drama,,",706,2,975543802,M,35,20,78664,30-40
Love Jones (1997),1477,"Romance,,",62,3,977904513,F,35,3,98105,30-40
"Love Letter, The (1999)",2629,"Comedy|Romance,",16,2,978174639,F,35,0,20670,30-40
Love Serenade (1996),1585,"Comedy,,",225,4,976831547,M,25,7,11215,20-30
Love Stinks (1999),2809,"Comedy,,",214,3,976900837,M,18,20,80218,10-20
Love Walked In (1998),1852,"Drama|Thriller,,",1470,2,974839150,M,18,4,94118,10-20
Love and Basketball (2000),3554,"Drama|Romance,,",30,4,978122183,F,35,7,19143,30-40
Love and Death (1975),3814,"Comedy,,",45,4,977990222,F,45,16,94110,40-50
Love and Death on Long Island (1997),1794,"Comedy|Drama,,",5,3,978245966,M,25,20,55455,20-30
Love and Other Catastrophes (1996),1493,"Romance,,",731,4,975528115,M,45,3,55410,40-50
Love and a .45 (1994),600,"Thriller,,",293,1,976561375,M,56,1,55337-4056,50-60
Love in the Afternoon (1957),937,"Comedy|Romance,,",45,4,977988788,F,45,16,94110,40-50
Love! Valour! Compassion! (1997),1535,"Drama|Romance,,",5,4,978245513,M,25,20,55455,20-30
Love's Labour's Lost (2000),3719,"Comedy|Romance,,",134,5,1005595701,M,25,0,66212,20-30
"Love, etc. (1996)",2576,"Drama,",1150,2,974874026,F,25,20,75226,20-30
"Lovers of the Arctic Circle, The (Los Amantes del Círculo Polar) (1998)",2585,"Drama|Romance,",195,4,1029824340,M,25,12,10458,20-30
"Lovers on the Bridge, The (Les Amants du Pont-Neuf) (1991)",2704,"Drama|Romance,",239,3,976756700,M,18,19,94618,10-20
"Loves of Carmen, The (1948)",3209,"Drama,",992,1,975074499,F,35,3,02780,30-40
"Low Down Dirty Shame, A (1994)",387,"Action|Comedy,",123,3,979399457,M,35,9,67208,30-40
"Low Life, The (1994)",730,"Drama,",1069,1,974943274,M,25,20,98105,20-30
Lucas (1986),3480,"Drama,,",36,5,993703945,M,25,3,94123,20-30
Lucie Aubrac (1997),2833,"Romance|War,,",2453,4,974189925,M,25,7,55429,20-30
Lulu on the Bridge (1998),2873,"Drama|Mystery|Romance,,",79,2,977805821,F,45,0,98103,40-50
Lured (1947),3656,"Crime,,",5313,5,960920392,M,56,0,55406,50-60
M (1931),1260,"Crime|Film-Noir|Thriller,,",81,5,977785502,F,25,0,60640,20-30
M*A*S*H (1970),1294,"Comedy|War,,",10,4,978225952,F,35,1,95370,30-40
M. Butterfly (1993),488,"Drama,,",195,5,978653276,M,25,12,10458,20-30
MacKenna's Gold (1969),3806,"Western,,",117,4,977508855,M,25,17,33314,20-30
Macao (1952),1070,"Adventure,,",4169,3,971580375,M,50,0,66048,40-50
"Machine, The (1994)",1433,"Comedy|Horror,",1017,1,975013198,M,35,0,30906,30-40
Mad City (1997),1667,"Action|Drama,,",147,3,977336825,M,18,4,91360,10-20
Mad Dog Time (1996),1313,"Crime,,",23,3,978462095,M,35,0,90049,30-40
Mad Love (1995),179,"Drama|Romance,,",151,1,978682742,F,25,20,85013,20-30
Mad Max (1979),3702,"Action|Sci-Fi,,",4,4,978294260,M,45,7,02460,40-50
Mad Max 2 (a.k.a. The Road Warrior) (1981),3703,"Action|Sci-Fi,,",10,2,978226805,F,35,1,95370,30-40
Mad Max Beyond Thunderdome (1985),3704,"Action|Sci-Fi,,",10,2,978228364,F,35,1,95370,30-40
Madame Butterfly (1995),1087,"Musical,,",535,3,976138245,M,35,6,95370,30-40
Madame Sousatzka (1988),3496,"Drama,,",216,4,976865017,M,45,13,52761,40-50
Made in America (1993),489,"Comedy,,",45,3,977991904,F,45,16,94110,40-50
Madeline (1998),1919,"Children's|Comedy,,",66,2,977886754,M,25,18,57706,20-30
"Madness of King George, The (1994)",272,"Drama,",5,3,978245487,M,25,20,55455,20-30
Madonna: Truth or Dare (1991),1191,"Documentary,,",5,2,978246426,M,25,20,55455,20-30
Mafia! (1998),2027,"Comedy|Crime,,",39,3,978043398,M,18,4,61820,10-20
Magnolia (1999),3160,"Drama,,",9,3,978225984,M,25,17,61614,20-30
Magnum Force (1973),3682,"Western,,",6,3,978238036,F,50,9,55117,40-50
Major League: Back to the Minors (1998),1863,"Comedy,,",216,3,976867010,M,45,13,52761,40-50
Major Payne (1994),267,"Comedy,,",26,2,978140520,M,25,7,23112,20-30
Make Mine Music (1946),3775,"Animation|Children's|Musical,,",563,3,976045005,M,25,4,53703,20-30
Make Them Die Slowly (Cannibal Ferox) (1980),3842,"Horror,,",3575,3,966719760,M,25,18,54915,20-30
Malcolm X (1992),3246,"Drama,,",8,4,978230391,M,25,12,11413,20-30
Male and Female (1919),2821,"Adventure|Drama,,",1470,2,974836551,M,18,4,94118,10-20
Malice (1993),490,"Thriller,,",38,2,978044437,F,18,4,02215,10-20
Mallrats (1995),180,"Comedy,,",10,2,978226766,F,35,1,95370,30-40
"Maltese Falcon, The (1941)",913,"Film-Noir|Mystery,",5,5,978242740,M,25,20,55455,20-30
Mamma Roma (1962),557,"Drama,,",1749,5,974753277,M,25,2,10040,20-30
Man Bites Dog (C'est arrivé près de chez vous) (1992),3266,"Action|Comedy|Crime|Drama,,",5,2,978246162,M,25,20,55455,20-30
Man Facing Southeast (Hombre Mirando al Sudeste) (1986),2938,"Drama,,",99,1,982791002,F,1,10,19390,1-10
"Man Who Knew Too Little, The (1997)",1689,"Comedy|Mystery,",22,3,978154379,M,18,15,53706,10-20
"Man Who Knew Too Much, The (1934)",2212,"Thriller,",62,4,977909249,F,35,3,98105,30-40
"Man Who Knew Too Much, The (1956)",2183,"Thriller,",33,5,978558122,M,45,3,55421,40-50
"Man Who Would Be King, The (1975)",1303,"Adventure,",12,4,978218916,M,25,12,32793,20-30
"Man Without a Face, The (1993)",491,"Drama,",26,3,978139421,M,25,7,23112,20-30
"Man and a Woman, A (Un Homme et une Femme) (1966)",2969,"Drama|Romance,",35,4,978101459,M,45,1,02482,40-50
"Man for All Seasons, A (1966)",1949,"Drama,",35,4,978101434,M,45,1,02482,40-50
"Man from Down Under, The (1943)",749,"Drama,",2121,3,974647850,M,56,13,02356,50-60
"Man from Laramie, The (1955)",3311,"Western,",128,3,977434232,M,56,6,37922,50-60
"Man in the Iron Mask, The (1998)",1801,"Action|Drama|Romance,",2,3,978300002,M,56,16,70072,50-60
"Man of No Importance, A (1994)",385,"Drama,",673,5,975620088,M,25,20,10023,20-30
Man of the Century (1999),2999,"Comedy,,",214,4,976900837,M,18,20,80218,10-20
Man of the House (1995),274,"Comedy,,",153,4,985055477,M,1,10,51537,1-10
Man of the Year (1995),137,"Documentary,,",193,3,1025572855,F,45,15,44106,40-50
Man on the Moon (1999),3174,"Comedy|Drama,,",10,4,978228364,F,35,1,95370,30-40
"Man with Two Brains, The (1983)",2111,"Comedy,",10,4,978228798,F,35,1,95370,30-40
"Man with the Golden Arm, The (1955)",3678,"Drama,",2,3,978299250,M,56,16,70072,50-60
"Man with the Golden Gun, The (1974)",3639,"Action,",18,5,978153146,F,18,3,95825,10-20
"Manchurian Candidate, The (1962)",1267,"Film-Noir|Thriller,",23,4,978465796,M,35,0,90049,30-40
Manhattan (1979),1244,"Comedy|Drama|Romance,,",2,3,978299143,M,56,16,70072,50-60
Manhattan Murder Mystery (1993),492,"Comedy|Mystery,,",45,3,977991012,F,45,16,94110,40-50
Manny & Lo (1996),862,"Drama,,",1069,3,974943370,M,25,20,98105,20-30
Manon of the Spring (Manon des sources) (1986),1132,"Drama,,",173,5,1009653068,M,25,0,45237,20-30
Mansfield Park (1999),3079,"Drama,,",5,2,978246162,M,25,20,55455,20-30
"Map of the World, A (1999)",3128,"Drama,",187,4,977077030,F,45,1,94061,40-50
Marathon Man (1976),3551,"Thriller,,",23,3,978466115,M,35,0,90049,30-40
"Marcello Mastroianni: I Remember Yes, I Remember (1997)",2776,"Documentary,",1147,3,974873093,M,25,20,98101,20-30
March of the Wooden Soldiers (a.k.a. Laurel & Hardy in Toyland) (1934),3086,"Comedy,,",10,4,978227574,F,35,1,95370,30-40
Margaret's Museum (1995),114,"Drama,,",541,2,976126353,F,18,4,5849574,10-20
"Mariachi, El (1992)",3267,"Action|Thriller,",5,4,978244893,M,25,20,55455,20-30
Marie Baie Des Anges (1997),1905,"Drama,,",3679,1,981482235,M,25,4,68108,20-30
"Mark of Zorro, The (1940)",941,"Adventure,",84,2,977717649,M,18,4,53140,10-20
Marked for Death (1990),1382,"Action|Drama,,",245,2,976738121,M,35,16,66046,30-40
Marlene Dietrich: Shadow and Light (1996),769,"Documentary,,",1150,3,975193249,F,25,20,75226,20-30
Marnie (1964),2181,"Thriller,,",107,3,977534739,M,45,18,63129,40-50
Married to the Mob (1988),2247,"Comedy,,",26,2,978147012,M,25,7,23112,20-30
Mars Attacks! (1996),1391,"Action|Comedy|Sci-Fi|War,,",18,3,978153583,F,18,3,95825,10-20
Marty (1955),1946,"Drama|Romance,,",33,3,978558007,M,45,3,55421,40-50
Marvin's Room (1996),1399,"Drama,,",187,4,977078294,F,45,1,94061,40-50
Mary Poppins (1964),1028,"Children's|Comedy|Musical,,",1,5,978301777,F,1,10,48067,1-10
Mary Reilly (1996),92,"Drama|Thriller,,",38,1,978045312,F,18,4,02215,10-20
Mary Shelley's Frankenstein (1994),273,"Drama|Horror,,",117,5,977504623,M,25,17,33314,20-30
Mascara (1999),2619,"Drama,,",1291,3,974790833,F,35,0,10011,30-40
"Mask of Zorro, The (1998)",2006,"Action|Adventure|Romance,",2,3,978299861,M,56,16,70072,50-60
"Mask, The (1994)",367,"Comedy|Crime|Fantasy,",9,3,978226678,M,25,17,61614,20-30
"Masque of the Red Death, The (1964)",2784,"Horror,",278,4,976586535,M,45,18,60482,40-50
Mass Appeal (1984),2397,"Drama,,",678,4,988637468,M,25,0,34952,20-30
Master Ninja I (1984),2258,"Action,,",3765,2,966086510,F,50,3,34744,40-50
"Match, The (1999)",3748,"Comedy|Romance,",1605,2,1031507666,F,18,0,28270,10-20
"MatchMaker, The (1997)",1629,"Comedy|Romance,",62,3,977904936,F,35,3,98105,30-40
Matewan (1987),3090,"Drama,,",173,5,1009653032,M,25,0,45237,20-30
Matilda (1996),837,"Children's|Comedy,,",34,3,978103216,F,18,0,02135,10-20
"Mating Habits of the Earthbound Human, The (1998)",2913,"Comedy,",64,4,977891508,M,18,1,53706,10-20
"Matrix, The (1999)",2571,"Action|Sci-Fi|Thriller,",2,4,978299773,M,56,16,70072,50-60
Maurice (1987),3094,"Drama|Romance,,",136,5,977422296,M,18,2,21202,10-20
Maverick (1994),368,"Action|Comedy|Western,,",2,4,978300002,M,56,16,70072,50-60
Max Dugan Returns (1983),3497,"Comedy,,",123,4,978048959,M,35,9,67208,30-40
Maximum Overdrive (1986),2119,"Horror,,",23,3,993707016,M,35,0,90049,30-40
Maximum Risk (1996),990,"Action|Adventure|Thriller,,",73,3,977867538,M,18,4,53706,10-20
Maya Lin: A Strong Clear Vision (1994),759,"Documentary,,",150,4,977303359,M,35,7,98144,30-40
"Maybe, Maybe Not (Bewegte Mann, Der) (1994)",860,Comedy,5,2,978244493,M,25,20,55455,20-30
McCabe & Mrs. Miller (1971),3093,"Drama|Western,,",81,1,977786581,F,25,0,60640,20-30
"McCullochs, The (1975)",3312,"Drama,",1470,1,974836437,M,18,4,94118,10-20
McHale's Navy (1997),1445,"Comedy|War,,",148,3,977354434,M,50,17,57747,40-50
Me Myself I (2000),3515,"Comedy,,",92,1,986186496,F,18,4,44243,10-20
"Me, Myself and Irene (2000)",3752,"Comedy,",19,4,979429390,M,1,10,48073,1-10
Meatballs (1979),3040,"Comedy,,",26,3,978271692,M,25,7,23112,20-30
Meatballs 4 (1992),3043,"Comedy,,",216,2,976867873,M,45,13,52761,40-50
Meatballs III (1987),3042,"Comedy,,",216,2,976867873,M,45,13,52761,40-50
Meatballs Part II (1984),3041,"Comedy,,",176,3,977099693,F,18,3,55016,10-20
Medicine Man (1992),2822,"Adventure|Romance,,",13,3,978202577,M,45,1,93304,40-50
Mediterraneo (1991),1184,"Comedy|War,,",53,5,977950419,M,25,0,96931,20-30
Meet Joe Black (1998),2340,"Romance,,",1,3,978300103,F,1,10,48067,1-10
Meet John Doe (1941),973,"Drama,,",67,5,977885484,F,50,5,60181,40-50
Meet Me in St. Louis (1944),918,"Musical,,",10,5,978227215,F,35,1,95370,30-40
Meet Wally Sparks (1997),1439,"Comedy,,",129,1,977433062,M,25,11,20164,20-30
Meet the Deedles (1998),1822,"Children's|Comedy,,",302,3,976507553,M,18,4,04901,10-20
Meet the Parents (2000),3948,"Comedy,,",9,3,978225177,M,25,17,61614,20-30
Melody Time (1948),3776,"Animation|Children's|Musical,,",92,1,986187432,F,18,4,44243,10-20
Melvin and Howard (1980),2988,"Drama,,",161,4,977221960,M,45,16,98107-2117,40-50
Men Don't Leave (1990),2250,"Drama,,",36,4,978060955,M,25,3,94123,20-30
Men With Guns (1997),1788,"Action|Drama,,",5,3,978244603,M,25,20,55455,20-30
Men in Black (1997),1580,"Action|Adventure|Comedy|Sci-Fi,,",3,3,978297663,M,25,15,55117,20-30
Menace II Society (1993),493,"Action|Crime|Drama,,",18,3,978155721,F,18,3,95825,10-20
Mephisto (1981),2075,"Drama|War,,",230,3,976823915,M,45,1,43210,40-50
Mercury Rising (1998),1833,"Action|Drama|Thriller,,",26,4,978139735,M,25,7,23112,20-30
"Merry War, A (1997)",2191,"Comedy,",840,3,999617779,F,25,3,02828,20-30
Message in a Bottle (1999),2497,"Romance,,",10,4,978229979,F,35,1,95370,30-40
Message to Love: The Isle of Wight Festival (1996),1420,"Documentary,,",1685,2,974712842,M,35,12,95833,30-40
"Messenger: The Story of Joan of Arc, The (1999)",3053,"Drama|War,",21,1,978138933,M,18,16,99353,10-20
Meteor (1979),2526,"Sci-Fi,,",17,2,978161068,M,50,1,95350,40-50
Metisse (Café au Lait) (1993),582,"Comedy,,",2129,3,974642484,M,25,5,04103,20-30
Metro (1997),1432,"Action,,",62,3,977903735,F,35,3,98105,30-40
Metroland (1997),2577,"Comedy|Drama,,",673,5,975620249,M,25,20,10023,20-30
Metropolis (1926),2010,"Sci-Fi,,",17,4,978160436,M,50,1,95350,40-50
Metropolitan (1990),1966,"Comedy,,",5,2,978245931,M,25,20,55455,20-30
Miami Rhapsody (1995),278,"Comedy,,",26,3,978145631,M,25,7,23112,20-30
Michael (1996),1409,"Comedy|Romance,,",10,5,978229624,F,35,1,95370,30-40
Michael Collins (1996),991,"Drama|War,,",48,3,978058994,M,25,4,92107,20-30
Mickey Blue Eyes (1999),2805,"Comedy|Romance,,",16,3,978174671,F,35,0,20670,30-40
Microcosmos (Microcosmos: Le peuple de l'herbe) (1996),1111,"Documentary,,",136,4,977530389,M,18,2,21202,10-20
"Midaq Alley (Callejón de los milagros, El) (1995)",1741,"Drama,",195,5,987377187,M,25,12,10458,20-30
Midnight Cowboy (1969),1952,"Drama,,",44,3,978019279,M,45,17,98052,40-50
Midnight Express (1978),3498,"Drama,,",33,5,978557914,M,45,3,55421,40-50
Midnight Run (1988),3104,"Action|Adventure|Comedy|Crime,,",23,4,978462555,M,35,0,90049,30-40
Midnight in the Garden of Good and Evil (1997),1711,"Comedy|Crime|Drama|Mystery,,",8,3,978231890,M,25,12,11413,20-30
"Midsummer Night's Dream, A (1999)",2622,"Comedy|Fantasy,",10,5,978228212,F,35,1,95370,30-40
Mifune (Mifunes sidste sang) (1999),3320,"Comedy|Romance,,",35,3,978103313,M,45,1,02482,40-50
Mighty Aphrodite (1995),52,"Comedy,,",5,2,978246479,M,25,20,55455,20-30
"Mighty Ducks, The (1992)",2082,"Children's|Comedy,",6,3,978236975,F,50,9,55117,40-50
Mighty Joe Young (1949),2430,"Adventure|Children's|Drama,,",40,5,978039753,M,45,0,10543,40-50
Mighty Joe Young (1998),2429,"Adventure|Children's|Drama,,",8,2,978231890,M,25,12,11413,20-30
Mighty Morphin Power Rangers: The Movie (1995),181,"Action|Children's,,",75,4,977852631,F,1,10,01748,1-10
Mighty Peking Man (Hsing hsing wang) (1977),2602,"Adventure|Sci-Fi,,",195,4,980699391,M,25,12,10458,20-30
"Mighty, The (1998)",2310,"Drama,",57,3,977933908,M,18,19,30350,10-20
Mike's Murder (1984),2945,"Mystery,,",752,1,992021179,F,25,3,97401,20-30
Mildred Pierce (1945),2612,"Drama,,",33,4,978982608,M,45,3,55421,40-50
Milk Money (1994),276,"Comedy|Romance,,",26,3,978140162,M,25,7,23112,20-30
Miller's Crossing (1990),1245,"Drama,,",2,2,978299200,M,56,16,70072,50-60
Mimic (1997),1603,"Sci-Fi|Thriller,,",36,4,978210900,M,25,3,94123,20-30
Mina Tannenbaum (1994),1163,"Drama,,",327,3,976397718,M,35,18,55448,30-40
Minnie and Moskowitz (1971),3283,"Action,,",1473,3,974757704,M,25,14,06511,20-30
"Minus Man, The (1999)",2844,"Drama|Mystery,",195,4,1005456730,M,25,12,10458,20-30
Miracle on 34th Street (1947),2398,"Drama,,",1,4,978302281,F,1,10,48067,1-10
Miracle on 34th Street (1994),277,"Drama,,",10,3,978226147,F,35,1,95370,30-40
Mirage (1995),401,"Action|Thriller,,",1218,4,982948890,M,56,15,13207,50-60
"Mirror Has Two Faces, The (1996)",1353,"Comedy|Romance,",38,3,978045139,F,18,4,02215,10-20
"Mirror, The (Zerkalo) (1975)",3415,"Drama,",155,5,977257055,M,35,12,07470,30-40
Misery (1990),3499,"Horror,,",5,3,978245065,M,25,20,55455,20-30
Miss Julie (1999),3116,"Drama,,",1069,1,974944655,M,25,20,98105,20-30
Missing in Action (1984),3766,"Action|War,,",123,3,977591500,M,35,9,67208,30-40
Missing in Action 2: The Beginning (1985),3767,"Action|War,,",73,3,981605091,M,18,4,53706,10-20
Mission to Mars (2000),3354,"Sci-Fi,,",14,3,978200924,M,35,0,60126,30-40
"Mission, The (1986)",2745,"Drama,",123,5,977528476,M,35,9,67208,30-40
Mission: Impossible (1996),648,"Action|Adventure|Mystery,,",2,4,978299913,M,56,16,70072,50-60
Mission: Impossible 2 (2000),3623,"Action|Thriller,,",9,4,978225671,M,25,17,61614,20-30
Mister Roberts (1955),3035,"Comedy|Drama|War,,",2,4,978298625,M,56,16,70072,50-60
"Misérables, Les (1995)",73,"Drama|Musical,",8,4,978230286,M,25,12,11413,20-30
"Misérables, Les (1998)",1873,"Drama,",2,4,978298542,M,56,16,70072,50-60
Mixed Nuts (1994),275,"Comedy,,",10,4,979776321,F,35,1,95370,30-40
Mo' Better Blues (1990),3425,"Drama,,",8,3,978231982,M,25,12,11413,20-30
"Mod Squad, The (1999)",2568,"Action|Crime,",16,1,978174671,F,35,0,20670,30-40
"Modern Affair, A (1995)",623,"Romance,",1470,2,974839039,M,18,4,94118,10-20
Modern Times (1936),3462,"Comedy,,",31,4,978121357,M,56,7,06840,50-60
Modulations (1998),2198,"Documentary,,",5556,3,959445515,M,45,6,92103,40-50
"Mole People, The (1956)",2667,"Sci-Fi,",17,2,978161068,M,50,1,95350,40-50
Moll Flanders (1996),650,"Drama,,",8,5,978230943,M,25,12,11413,20-30
Molly (1999),2914,"Comedy|Drama,,",706,3,975543973,M,35,20,78664,30-40
Mommie Dearest (1981),2639,"Drama,,",11,2,978902477,F,25,1,04093,20-30
Mona Lisa (1986),2349,"Comedy|Thriller,,",53,5,977974071,M,25,0,96931,20-30
"Money Pit, The (1986)",2375,"Comedy,",10,4,978230090,F,35,1,95370,30-40
Money Talks (1997),1604,"Action|Comedy,,",163,2,977219657,M,18,4,85013,10-20
Money Train (1995),20,"Action,,",123,3,978046536,M,35,9,67208,30-40
Monkey Shines (1988),2900,"Horror|Sci-Fi,,",218,3,976842517,M,35,14,95822,30-40
Monsieur Verdoux (1947),3632,"Comedy,,",550,4,976164477,M,45,8,21559,40-50
"Monster, The (Il Mostro) (1994)",2593,"Comedy,",677,5,975610288,M,50,2,94122,40-50
Montana (1998),3184,"Action|Comedy|Crime|Drama,,",699,2,986442450,M,18,0,73505,10-20
"Month by the Lake, A (1995)",753,"Comedy|Drama,",45,2,977991751,F,45,16,94110,40-50
Monty Python and the Holy Grail (1974),1136,"Comedy,,",3,5,978298079,M,25,15,55117,20-30
Monty Python's Life of Brian (1979),1080,"Comedy,,",10,5,978225824,F,35,1,95370,30-40
Monument Ave. (1998),2281,"Crime,,",331,3,1000326898,M,25,7,55902,20-30
Moonlight Murder (1936),977,"Mystery,,",1470,2,974915497,M,18,4,94118,10-20
Moonlight and Valentino (1995),182,"Drama|Romance,,",62,2,977906368,F,35,3,98105,30-40
Moonraker (1979),3638,"Action|Romance|Sci-Fi,,",17,2,978160993,M,50,1,95350,40-50
Moonstruck (1987),3072,"Comedy,,",6,4,978236075,F,50,9,55117,40-50
"Morning After, The (1986)",2749,"Drama|Mystery,",123,3,978141511,M,35,9,67208,30-40
Mortal Kombat (1995),44,"Action|Adventure,,",18,4,978153795,F,18,3,95825,10-20
Mortal Kombat: Annihilation (1997),1681,"Action|Adventure,,",93,2,977633333,M,25,17,95825,20-30
Mortal Thoughts (1991),2267,"Mystery|Thriller,,",123,3,977530089,M,35,9,67208,30-40
"Mosquito Coast, The (1986)",2734,"Drama,",5,2,978242788,M,25,20,55455,20-30
Mother (1996),1414,"Comedy,,",45,2,977991081,F,45,16,94110,40-50
Mother Night (1996),893,"Drama,,",53,4,977987999,M,25,0,96931,20-30
Mouse Hunt (1997),1713,"Children's|Comedy,,",26,3,978139991,M,25,7,23112,20-30
Mouth to Mouth (Boca a boca) (1995),717,"Comedy,,",195,4,1015890867,M,25,12,10458,20-30
Mr. & Mrs. Smith (1941),2205,"Comedy,,",45,2,977991441,F,45,16,94110,40-50
Mr. Death: The Rise and Fall of Fred A. Leuchter Jr. (1999),3182,"Documentary,,",11,1,978909052,F,25,1,04093,20-30
Mr. Holland's Opus (1995),62,"Drama,,",10,5,978227051,F,35,1,95370,30-40
Mr. Jealousy (1997),1906,"Comedy|Romance,,",386,2,976303241,M,25,0,55408,20-30
Mr. Jones (1993),498,"Drama|Romance,,",2,3,978299418,M,56,16,70072,50-60
Mr. Magoo (1997),1731,"Comedy,,",60,1,977932115,M,50,1,72118,40-50
Mr. Mom (1983),3591,"Comedy|Drama,,",10,5,978228525,F,35,1,95370,30-40
Mr. Nice Guy (1997),1858,"Action|Comedy,,",73,4,977866806,M,18,4,53706,10-20
Mr. Saturday Night (1992),3500,"Comedy|Drama,,",8,3,978232754,M,25,12,11413,20-30
Mr. Smith Goes to Washington (1939),954,"Drama,,",10,5,978225922,F,35,1,95370,30-40
Mr. Wonderful (1993),499,"Comedy|Romance,,",26,5,978271741,M,25,7,23112,20-30
Mr. Wrong (1996),102,"Comedy,,",216,2,976867969,M,45,13,52761,40-50
"Mrs. Brown (Her Majesty, Mrs. Brown) (1997)",1643,"Drama|Romance,",5,3,978245916,M,25,20,55455,20-30
Mrs. Dalloway (1997),1684,"Romance,,",5,3,978244540,M,25,20,55455,20-30
Mrs. Doubtfire (1993),500,"Comedy,,",15,4,978198493,M,25,7,22903,20-30
Mrs. Miniver (1942),1936,"Drama|War,,",97,5,977622613,F,35,3,66210,30-40
Mrs. Parker and the Vicious Circle (1994),369,"Drama,,",187,4,977077963,F,45,1,94061,40-50
Mrs. Winterbourne (1996),691,"Comedy|Romance,,",38,2,978045112,F,18,4,02215,10-20
Much Ado About Nothing (1993),497,"Comedy|Romance,,",5,3,978245687,M,25,20,55455,20-30
Mulan (1998),1907,"Animation|Children's,,",1,4,978824330,F,1,10,48067,1-10
Mulholland Falls (1996),707,"Crime|Film-Noir|Thriller,,",17,4,978161166,M,50,1,95350,40-50
Multiplicity (1996),719,"Comedy,,",26,3,978271742,M,25,7,23112,20-30
Mumford (1999),2883,"Comedy,,",11,3,978903186,F,25,1,04093,20-30
"Mummy's Curse, The (1944)",2635,"Horror,",117,4,977506275,M,25,17,33314,20-30
"Mummy's Ghost, The (1944)",2636,"Horror,",278,3,976587126,M,45,18,60482,40-50
"Mummy's Hand, The (1940)",2637,"Horror,",33,3,978558041,M,45,3,55421,40-50
"Mummy's Tomb, The (1942)",2638,"Horror,",19,4,978555104,M,1,10,48073,1-10
"Mummy, The (1932)",2633,"Horror|Romance,",19,3,978555317,M,1,10,48073,1-10
"Mummy, The (1959)",2634,"Horror,",117,5,977503819,M,25,17,33314,20-30
"Mummy, The (1999)",2617,"Action|Adventure|Horror|Thriller,",3,2,978297837,M,25,15,55117,20-30
"Muppet Christmas Carol, The (1992)",2083,"Children's|Musical,",18,5,978155293,F,18,3,95825,10-20
"Muppet Movie, The (1979)",3396,"Children's|Comedy,",11,1,978903107,F,25,1,04093,20-30
Muppet Treasure Island (1996),107,"Adventure|Children's|Comedy|Musical,,",44,4,978020416,M,45,17,98052,40-50
Muppets From Space (1999),2709,"Children's|Comedy,,",25,5,978131137,M,18,4,01609,10-20
"Muppets Take Manhattan, The (1984)",3398,"Children's|Comedy,",18,5,978155234,F,18,3,95825,10-20
Murder at 1600 (1997),1422,"Mystery|Thriller,,",15,4,978212463,M,25,7,22903,20-30
Murder in the First (1995),280,"Drama|Thriller,,",48,3,978013216,M,25,4,92107,20-30
Murder! (1930),2219,"Mystery|Thriller,,",313,4,976474144,F,18,4,02138,10-20
"Murder, My Sweet (1944)",1069,"Film-Noir|Thriller,",17,4,978159013,M,50,1,95350,40-50
Muriel's Wedding (1994),342,"Comedy|Romance,,",11,3,978221632,F,25,1,04093,20-30
Murphy's Romance (1985),3501,"Comedy|Romance,,",6,5,978236670,F,50,9,55117,40-50
"Muse, The (1999)",2829,"Comedy|Drama,",45,2,977991794,F,45,16,94110,40-50
Music From Another Room (1998),1767,"Drama|Romance,,",151,2,978682742,F,25,20,85013,20-30
Music of the Heart (1999),2996,"Drama,,",164,4,1016597478,F,56,13,94566,50-60
Mute Witness (1994),183,"Thriller,,",173,4,980363352,M,25,0,45237,20-30
Mutiny on the Bounty (1935),1931,"Adventure,,",48,3,978064399,M,25,4,92107,20-30
Mutters Courage (1995),655,"Comedy,,",2315,1,974478452,M,56,7,48114,50-60
My Best Fiend (Mein liebster Feind) (1999),3002,"Documentary,,",173,4,979251744,M,25,0,45237,20-30
My Best Friend's Wedding (1997),1569,"Comedy|Romance,,",6,4,978238948,F,50,9,55117,40-50
My Blue Heaven (1990),2249,"Comedy,,",22,4,978154267,M,18,15,53706,10-20
My Bodyguard (1980),2240,"Drama,,",148,3,979576326,M,50,17,57747,40-50
My Boyfriend's Back (1993),2552,"Comedy,,",186,2,977057784,M,18,5,91767,10-20
My Chauffeur (1986),3491,"Comedy,,",117,4,977497416,M,25,17,33314,20-30
My Cousin Vinny (1992),2302,"Comedy,,",9,4,978226463,M,25,17,61614,20-30
My Crazy Life (Mi vida loca) (1993),269,"Drama,,",8,4,978231121,M,25,12,11413,20-30
My Dog Skip (1999),3189,"Comedy,,",10,4,978225033,F,35,1,95370,30-40
My Fair Lady (1964),914,"Musical|Romance,,",1,3,978301968,F,1,10,48067,1-10
My Family (1995),279,"Drama,,",62,5,977907696,F,35,3,98105,30-40
My Favorite Martian (1999),2498,"Comedy|Sci-Fi,,",10,4,979776161,F,35,1,95370,30-40
My Favorite Season (1993),621,"Drama,,",187,4,977077277,F,45,1,94061,40-50
My Favorite Year (1982),921,"Comedy,,",31,2,978121140,M,56,7,06840,50-60
My Fellow Americans (1996),1390,"Comedy,,",26,2,978145310,M,25,7,23112,20-30
My Giant (1998),1839,"Comedy,,",216,3,976867873,M,45,13,52761,40-50
My Left Foot (1989),1185,"Drama,,",17,5,978158471,M,50,1,95350,40-50
My Life (1993),3502,"Drama,,",26,4,978142789,M,25,7,23112,20-30
My Life So Far (1999),2711,"Drama,,",187,4,977078177,F,45,1,94061,40-50
My Life and Times With Antonin Artaud (En compagnie d'Antonin Artaud) (1993),793,"Drama,,",136,2,977424620,M,18,2,21202,10-20
My Life as a Dog (Mitt liv som hund) (1985),1300,"Drama,,",33,5,978557952,M,45,3,55421,40-50
My Life in Pink (Ma vie en rose) (1997),1734,"Comedy|Drama,,",5,4,978245334,M,25,20,55455,20-30
My Man Godfrey (1936),947,"Comedy,,",27,5,978129302,M,25,11,19130,20-30
My Man Godfrey (1957),3096,"Comedy,,",31,5,978120938,M,56,7,06840,50-60
My Name Is Joe (1998),2481,"Drama|Romance,,",464,4,976227384,F,18,4,55455,10-20
My Own Private Idaho (1991),1611,"Drama,,",53,5,977986238,M,25,0,96931,20-30
My Science Project (1985),2615,"Adventure|Sci-Fi,,",58,3,977942240,M,25,2,30303,20-30
My Son the Fanatic (1998),2697,"Comedy|Drama|Romance,,",131,5,977430977,M,18,4,06520,10-20
My Tutor (1983),3331,"Drama,,",26,3,978147180,M,25,7,23112,20-30
Mystery Men (1999),2723,"Action|Adventure|Comedy,,",5,4,978242788,M,25,20,55455,20-30
Mystery Science Theater 3000: The Movie (1996),671,"Comedy|Sci-Fi,,",10,3,978228408,F,35,1,95370,30-40
Mystery Train (1989),3521,"Comedy|Crime|Drama,,",23,1,978462330,M,35,0,90049,30-40
"Mystery, Alaska (1999)",2889,"Comedy,",202,5,976940412,M,18,4,53706,10-20
"Myth of Fingerprints, The (1997)",3620,"Comedy|Drama,",53,5,977986392,M,25,0,96931,20-30
Ménage (Tenue de soirée) (1986),2742,"Comedy|Drama,,",1470,2,974836795,M,18,4,94118,10-20
Nadine (1987),3395,"Comedy,,",136,3,977424131,M,18,2,21202,10-20
Nadja (1994),184,"Drama,,",53,5,977988856,M,25,0,96931,20-30
Naked (1993),501,"Drama,,",5,1,978244001,M,25,20,55455,20-30
"Naked Gun 2 1/2: The Smell of Fear, The (1991)",3869,"Comedy,",10,3,978230562,F,35,1,95370,30-40
Naked Gun 33 1/3: The Final Insult (1994),370,"Comedy,,",10,3,978229389,F,35,1,95370,30-40
"Naked Gun: From the Files of Police Squad!, The (1988)",3868,"Comedy,",3,3,978298486,M,25,15,55117,20-30
"Naked Man, The (1998)",2343,"Drama,",123,2,979678538,M,35,9,67208,30-40
Naked in New York (1994),566,"Comedy|Romance,,",45,2,977989445,F,45,16,94110,40-50
"Name of the Rose, The (1986)",2467,"Mystery,",33,4,978983516,M,45,3,55421,40-50
Napoleon and Samantha (1972),2895,"Adventure,,",2962,3,977169530,M,35,3,94109,30-40
Nashville (1975),2303,"Drama|Musical,,",33,2,978985654,M,45,3,55421,40-50
National Lampoon's Senior Trip (1995),325,"Comedy,,",153,5,977261473,M,1,10,51537,1-10
Native Son (1986),2743,"Drama,,",536,2,976137786,M,25,20,01267,20-30
Natural Born Killers (1994),288,"Action|Thriller,,",5,2,978246585,M,25,20,55455,20-30
"Natural, The (1984)",3098,"Drama,",26,4,978146686,M,25,7,23112,20-30
"Navigator: A Mediaeval Odyssey, The (1988)",2173,"Adventure|Fantasy|Sci-Fi,",17,5,978161068,M,50,1,95350,40-50
Near Dark (1987),3727,"Comedy|Horror,,",33,3,978109079,M,45,3,55421,40-50
Needful Things (1993),2120,"Drama|Horror,,",53,3,977980687,M,25,0,96931,20-30
"Negotiator, The (1998)",2058,"Action|Thriller,",5,1,978245740,M,25,20,55455,20-30
Nekromantik (1987),3777,"Comedy|Horror,,",284,1,976574064,M,25,12,91910,20-30
Nell (1994),282,"Drama,,",8,3,978231802,M,25,12,11413,20-30
Nelly & Monsieur Arnaud (1995),645,"Drama,,",131,4,977433331,M,18,4,06520,10-20
Nemesis 2: Nebula (1995),286,"Action|Sci-Fi|Thriller,,",5433,3,960240881,F,35,17,45014,30-40
"Neon Bible, The (1995)",138,"Drama,",4169,4,975804273,M,50,0,66048,40-50
"Net, The (1995)",185,"Sci-Fi|Thriller,",22,2,978137099,M,18,15,53706,10-20
Network (1976),3504,"Comedy|Drama,,",33,3,978982449,M,45,3,55421,40-50
Never Been Kissed (1999),2581,"Comedy|Romance,,",15,3,978196692,M,25,7,22903,20-30
Never Cry Wolf (1983),3347,"Drama,,",10,5,979775575,F,35,1,95370,30-40
Never Met Picasso (1996),1714,"Romance,,",2507,2,975382922,M,25,4,94107,20-30
Never Talk to Strangers (1995),2778,"Thriller,,",524,1,976171061,M,18,0,91320,10-20
"NeverEnding Story II: The Next Chapter, The (1990)",2162,"Adventure|Children's|Fantasy,",53,2,977981686,M,25,0,96931,20-30
"NeverEnding Story III, The (1994)",126,"Adventure|Children's|Fantasy,",53,1,977981604,M,25,0,96931,20-30
"NeverEnding Story, The (1984)",2161,"Adventure|Children's|Fantasy,",10,5,978228212,F,35,1,95370,30-40
"New Age, The (1994)",503,"Drama,",17,2,978159568,M,50,1,95350,40-50
New Jersey Drive (1995),283,"Crime|Drama,,",352,3,976335955,M,18,4,60115,10-20
New Rose Hotel (1998),2892,"Action|Drama,,",629,3,975782704,F,1,10,48154,1-10
Newsies (1992),2084,"Children's|Musical,,",92,5,986187670,F,18,4,44243,10-20
"Newton Boys, The (1998)",1804,"Crime|Drama,",15,4,978212312,M,25,7,22903,20-30
"Next Best Thing, The (2000)",3325,"Comedy|Drama,",19,2,979429594,M,1,10,48073,1-10
Next Friday (1999),3177,"Comedy,,",102,3,1002829953,M,35,19,20871,30-40
"Next Karate Kid, The (1994)",502,"Action|Children's,",75,3,977850778,F,1,10,01748,1-10
"Next Stop, Wonderland (1998)",2171,"Comedy|Drama|Romance,",35,4,978103967,M,45,1,02482,40-50
Niagara (1953),2939,"Drama|Thriller,,",62,4,977970461,F,35,3,98105,30-40
"Niagara, Niagara (1997)",1811,"Drama,",187,4,977078816,F,45,1,94061,40-50
Nick of Time (1995),89,"Action|Thriller,,",49,4,977974751,M,18,12,77084,10-20
Nico Icon (1995),77,"Documentary,,",235,5,976770265,M,25,0,98153,20-30
Night Falls on Manhattan (1997),1404,"Crime|Drama,,",129,4,977435162,M,25,11,20164,20-30
Night Flier (1997),1771,"Horror,,",163,2,977323385,M,18,4,85013,10-20
"Night Porter, The (Il Portiere di notte) (1974)",2074,"Drama,",415,4,977501404,F,35,0,55406,30-40
Night Shift (1982),2518,"Comedy,,",123,3,978047152,M,35,9,67208,30-40
Night Tide (1961),3220,"Drama,,",1470,2,974839243,M,18,4,94118,10-20
"Night at the Roxbury, A (1998)",2296,"Comedy,",19,3,978299920,M,1,10,48073,1-10
Night of the Comet (1984),2613,"Action|Horror|Sci-Fi,,",17,3,978160792,M,50,1,95350,40-50
Night of the Creeps (1986),3696,"Comedy|Horror|Sci-Fi,,",17,3,978161068,M,50,1,95350,40-50
Night of the Living Dead (1968),968,"Horror|Sci-Fi,,",5,3,978242847,M,25,20,55455,20-30
Night on Earth (1991),1279,"Comedy|Drama,,",5,1,978245314,M,25,20,55455,20-30
"Night to Remember, A (1958)",3405,"Action|Drama,",29,5,978135913,M,35,7,33407,30-40
Nighthawks (1981),3029,"Action|Drama,,",105,4,977544289,M,45,12,90277,40-50
"Nightmare Before Christmas, The (1993)",551,"Children's|Comedy|Musical,",5,4,978246504,M,25,20,55455,20-30
"Nightmare on Elm Street 3: Dream Warriors, A (1987)",1970,"Horror,",46,5,977979194,M,18,19,75602,10-20
"Nightmare on Elm Street 4: The Dream Master, A (1988)",1971,"Horror,",46,5,977979194,M,18,19,75602,10-20
"Nightmare on Elm Street 5: The Dream Child, A (1989)",1972,"Horror,",46,5,977979194,M,18,19,75602,10-20
"Nightmare on Elm Street Part 2: Freddy's Revenge, A (1985)",1969,"Horror,",46,5,977979194,M,18,19,75602,10-20
"Nightmare on Elm Street, A (1984)",1347,"Horror,",22,2,978155097,M,18,15,53706,10-20
Nightmares (1983),2855,"Horror,,",293,1,976654527,M,56,1,55337-4056,50-60
Nights of Cabiria (Le Notti di Cabiria) (1957),2351,"Drama,,",173,4,995304404,M,25,0,45237,20-30
Nightwatch (1997),1355,"Horror|Thriller,,",123,3,978047255,M,35,9,67208,30-40
Nikita (La Femme Nikita) (1990),1249,"Thriller,,",23,5,978459672,M,35,0,90049,30-40
Nil By Mouth (1997),1846,"Drama,,",655,3,975699784,F,25,2,92629,20-30
Nina Takes a Lover (1994),287,"Comedy|Romance,,",45,2,977991722,F,45,16,94110,40-50
Nine 1/2 Weeks (1986),3707,"Drama,,",24,1,978131551,F,25,7,10023,20-30
Nine Months (1995),186,"Comedy,,",10,3,978229938,F,35,1,95370,30-40
Nineteen Eighty-Four (1984),2117,"Drama|Sci-Fi,,",17,4,978160680,M,50,1,95350,40-50
Ninotchka (1939),936,"Comedy|Romance,,",97,5,977622259,F,35,3,66210,30-40
"Ninth Gate, The (2000)",3355,"Thriller,",22,1,978137167,M,18,15,53706,10-20
Nixon (1995),14,"Drama,,",8,4,978230756,M,25,12,11413,20-30
No Escape (1994),504,"Action|Sci-Fi,,",192,2,977781701,M,18,1,10977,10-20
No Looking Back (1998),1817,"Comedy|Drama|Romance,,",343,2,1045945209,F,35,3,55127,30-40
No Mercy (1986),2741,"Action|Thriller,,",123,4,977529692,M,35,9,67208,30-40
No Small Affair (1984),2257,"Comedy|Romance,,",1019,1,975365613,M,35,1,60640,30-40
No Way Out (1987),3505,"Thriller,,",23,4,978466309,M,35,0,90049,30-40
Nobody Loves Me (Keiner liebt mich) (1994),106,"Comedy|Drama,,",393,4,976298269,M,35,17,55402,30-40
Nobody's Fool (1994),281,"Drama,,",53,5,977984695,M,25,0,96931,20-30
Normal Life (1996),1053,"Crime|Drama,,",129,2,977435107,M,25,11,20164,20-30
North (1994),505,"Comedy,,",216,3,976867873,M,45,13,52761,40-50
North Dallas Forty (1979),3506,"Comedy|Drama,,",26,4,978273150,M,25,7,23112,20-30
North by Northwest (1959),908,"Drama|Thriller,,",5,4,978241072,M,25,20,55455,20-30
"Nosferatu (Nosferatu, eine Symphonie des Grauens) (1922)",1348,"Horror,",33,3,978558492,M,45,3,55421,40-50
Nosferatu a Venezia (1986),1349,"Horror,,",94,3,977628700,M,25,17,28601,20-30
Not One Less (Yi ge dou bu neng shao) (1999),3289,"Drama,,",319,4,1008976167,F,50,6,33436,40-50
Nothing But Trouble (1991),2265,"Adventure|Comedy,,",22,4,978152648,M,18,15,53706,10-20
Nothing in Common (1986),2418,"Comedy,,",26,2,978146974,M,25,7,23112,20-30
Nothing to Lose (1994),875,"Drama,,",123,3,977596250,M,35,9,67208,30-40
Notorious (1946),930,"Film-Noir|Romance|Thriller,,",27,5,978129222,M,25,11,19130,20-30
Notting Hill (1999),2671,"Comedy|Romance,,",22,2,978154111,M,18,15,53706,10-20
Now and Then (1995),27,"Drama,,",199,4,976987651,M,18,4,83706,10-20
Nowhere (1997),1529,"Drama,,",5,4,978245037,M,25,20,55455,20-30
Nueba Yol (1995),133,"Comedy|Drama,,",4486,1,965013057,M,35,8,98674,30-40
Number Seventeen (1932),2214,"Thriller,,",4169,3,1000082431,M,50,0,66048,40-50
Nurse Betty (2000),3893,"Comedy|Thriller,,",2,1,978299535,M,56,16,70072,50-60
Nutty Professor II: The Klumps (2000),3821,"Comedy,,",32,1,978118906,F,25,0,19355,20-30
"Nutty Professor, The (1963)",2136,"Comedy,",10,4,978230063,F,35,1,95370,30-40
"Nutty Professor, The (1996)",788,"Comedy|Fantasy|Romance|Sci-Fi,",11,1,978904053,F,25,1,04093,20-30
Nénette et Boni (1996),1664,"Drama,,",225,4,976832291,M,25,7,11215,20-30
"Object of My Affection, The (1998)",1821,"Comedy|Romance,",45,5,977989068,F,45,16,94110,40-50
October Sky (1999),2501,"Drama,,",2,5,978298600,M,56,16,70072,50-60
"Odd Couple II, The (1998)",1837,"Comedy,",438,3,976258219,M,18,11,53705,10-20
"Odd Couple, The (1968)",3507,"Comedy,",23,3,978460479,M,35,0,90049,30-40
"Odessa File, The (1974)",3230,"Thriller,",33,4,978110411,M,45,3,55421,40-50
Of Human Bondage (1934),959,"Drama,,",59,4,1041967910,F,50,1,55413,40-50
Of Mice and Men (1992),3271,"Drama,,",33,4,978109833,M,45,3,55421,40-50
Office Killer (1997),1715,"Thriller,,",5,4,978245891,M,25,20,55455,20-30
Office Space (1999),2502,"Comedy|Romance,,",19,4,979429593,M,1,10,48073,1-10
"Official Story, The (La Historia Oficial) (1985)",3816,"Drama,",59,5,977933921,F,50,1,55413,40-50
"Ogre, The (Der Unhold) (1996)",3378,"Drama,",655,3,975698774,F,25,2,92629,20-30
"Old Man and the Sea, The (1958)",1085,"Adventure|Drama,",29,4,978123040,M,35,7,33407,30-40
Old Yeller (1957),1012,"Children's|Drama,,",10,3,978227462,F,35,1,95370,30-40
Oliver & Company (1988),709,"Animation|Children's,,",75,4,977851438,F,1,10,01748,1-10
Oliver! (1968),1951,"Musical,,",59,3,1041967022,F,50,1,55413,40-50
"Omega Code, The (1999)",2965,"Action,",48,2,978066555,M,25,4,92107,20-30
"Omega Man, The (1971)",3032,"Sci-Fi,",17,3,978161068,M,50,1,95350,40-50
"Omen, The (1976)",1350,"Horror,",19,4,978554892,M,1,10,48073,1-10
On Any Sunday (1971),2984,"Documentary,,",1390,5,1007184399,M,35,16,99352,30-40
On Golden Pond (1981),1124,"Drama,,",2,5,978299418,M,56,16,70072,50-60
On Her Majesty's Secret Service (1969),3633,"Action,,",18,5,978153219,F,18,3,95825,10-20
On Our Merry Way (1948),3778,"Comedy|Drama,,",1470,2,974839194,M,18,4,94118,10-20
On the Beach (1959),3379,"Drama,,",173,5,989524998,M,25,0,45237,20-30
On the Ropes (1999),2824,"Documentary,,",173,4,979251665,M,25,0,45237,20-30
On the Town (1949),3606,"Musical,,",78,5,977811666,F,45,1,98029,40-50
On the Waterfront (1954),1945,"Crime|Drama,,",2,5,978298458,M,56,16,70072,50-60
Once Upon a Time in America (1984),1227,"Crime|Drama|Thriller,,",23,2,978462330,M,35,0,90049,30-40
Once Upon a Time in the West (1969),1209,"Western,,",62,4,977969696,F,35,3,98105,30-40
Once Upon a Time... When We Were Colored (1995),83,"Drama,,",161,4,977221895,M,45,16,98107-2117,40-50
Once Were Warriors (1994),290,"Crime|Drama,,",53,5,977984328,M,25,0,96931,20-30
One Crazy Summer (1986),2261,"Comedy,,",26,3,978146800,M,25,7,23112,20-30
One False Move (1991),3728,"Thriller,,",5,2,978244568,M,25,20,55455,20-30
One Fine Day (1996),605,"Drama|Romance,,",26,4,978275630,M,25,7,23112,20-30
One Flew Over the Cuckoo's Nest (1975),1193,"Drama,,",1,5,978300760,F,1,10,48067,1-10
One Little Indian (1973),3607,"Comedy|Drama|Western,,",5851,5,957756608,F,18,20,55410,10-20
One Magic Christmas (1985),2086,"Drama|Fantasy,,",148,5,979575830,M,50,17,57747,40-50
One Man's Hero (1999),2235,"Drama|War,,",1470,2,974838371,M,18,4,94118,10-20
One Night Stand (1997),1668,"Drama,,",752,4,975613006,F,25,3,97401,20-30
One Tough Cop (1998),2307,"Action|Drama,,",204,4,978049142,M,25,7,92123,20-30
One True Thing (1998),2272,"Drama,,",15,3,978198907,M,25,7,22903,20-30
Onegin (1999),3161,"Drama,,",216,5,976868970,M,45,13,52761,40-50
Only Angels Have Wings (1939),2847,"Drama,,",424,5,1023715994,M,25,17,55112,20-30
Only You (1994),289,"Comedy|Romance,,",45,5,977988735,F,45,16,94110,40-50
Open Season (1996),402,"Comedy,,",580,3,975971581,M,1,10,08534,1-10
Open Your Eyes (Abre los ojos) (1997),2594,"Drama|Romance|Sci-Fi,,",149,4,988679962,M,25,1,29205,20-30
Operation Condor (Feiying gaiwak) (1990),2879,"Action|Adventure|Comedy,,",73,3,977867892,M,18,4,53706,10-20
Operation Condor 2 (Longxiong hudi) (1990),2880,"Action|Adventure|Comedy,,",90,5,993876097,M,56,13,85749,50-60
Operation Dumbo Drop (1995),688,"Action|Adventure|Comedy|War,,",25,4,978133460,M,18,4,01609,10-20
"Opportunists, The (1999)",3860,"Crime,",151,3,990839883,F,25,20,85013,20-30
"Opposite of Sex, The (1998)",1885,"Comedy|Drama,",5,4,978245568,M,25,20,55455,20-30
Ordinary People (1980),1956,"Drama,,",18,4,978156476,F,18,3,95825,10-20
Orgazmo (1997),2325,"Comedy,,",11,3,978904615,F,25,1,04093,20-30
Original Gangstas (1996),732,"Crime,,",2144,3,974628342,M,18,0,46517,10-20
"Original Kings of Comedy, The (2000)",3865,"Comedy|Documentary,",127,3,987207177,F,45,3,01770,40-50
Orlando (1993),506,"Drama,,",5,4,978245999,M,25,20,55455,20-30
Oscar and Lucinda (a.k.a. Oscar & Lucinda) (1997),2801,"Drama|Romance,,",146,3,1022003846,F,35,20,10954,30-40
Otello (1986),2744,"Drama,,",58,4,977937105,M,25,2,30303,20-30
Othello (1952),2848,"Drama,,",270,3,976638999,M,50,14,55414,40-50
Othello (1995),26,"Drama,,",18,4,978157335,F,18,3,95825,10-20
"Other Side of Sunday, The (Søndagsengler) (1996)",3817,"Comedy|Drama,",389,1,976298826,M,25,6,68128,20-30
"Other Sister, The (1999)",2506,"Comedy|Drama|Romance,",6,3,978236975,F,50,9,55117,40-50
Our Town (1940),3870,"Drama,,",97,4,977622520,F,35,3,66210,30-40
Out of Africa (1985),1959,"Drama|Romance,,",6,3,978236612,F,50,9,55117,40-50
Out of Sight (1998),1912,"Action|Crime|Romance,,",5,3,978244624,M,25,20,55455,20-30
Out of the Past (1947),2066,"Film-Noir,,",27,4,978129222,M,25,11,19130,20-30
Out to Sea (1997),1581,"Comedy,,",155,2,977256522,M,35,12,07470,30-40
"Out-of-Towners, The (1999)",2574,"Comedy,",19,3,982190791,M,1,10,48073,1-10
Outbreak (1995),292,"Action|Drama|Thriller,,",2,3,978300123,M,56,16,70072,50-60
"Outlaw Josey Wales, The (1976)",3508,"Western,",6,3,978238036,F,50,9,55117,40-50
"Outlaw, The (1943)",967,"Western,",1140,5,974879303,F,45,2,73069,40-50
Outrageous Fortune (1987),2752,"Comedy|Mystery,,",17,4,978158471,M,50,1,95350,40-50
Outside Ozona (1998),2438,"Drama|Thriller,,",5328,4,960838075,F,25,4,91740,20-30
Outside Providence (1999),2836,"Comedy,,",19,4,982295349,M,1,10,48073,1-10
"Outsiders, The (1983)",2114,"Drama,",53,4,977984657,M,25,0,96931,20-30
Overnight Delivery (1996),2292,"Romance,,",45,1,977989039,F,45,16,94110,40-50
Oxygen (1999),3056,"Thriller,,",26,3,978145836,M,25,7,23112,20-30
Pacific Heights (1990),3219,"Thriller,,",26,3,978275185,M,25,7,23112,20-30
"Pagemaster, The (1994)",558,"Action|Adventure|Animation|Children's|Fantasy,",75,4,977852486,F,1,10,01748,1-10
"Pajama Game, The (1957)",2874,"Comedy,",10,5,978227188,F,35,1,95370,30-40
Pajama Party (1964),3924,"Comedy,,",165,4,977200283,M,18,16,98502,10-20
Pal Joey (1957),3199,"Comedy|Musical|Romance,,",157,4,977250311,M,35,16,12866,30-40
Pale Rider (1985),2401,"Western,,",48,3,978065821,M,25,4,92107,20-30
"Pallbearer, The (1996)",612,"Comedy,",26,2,978145202,M,25,7,23112,20-30
"Palm Beach Story, The (1942)",2937,"Comedy,",97,4,977622520,F,35,3,66210,30-40
Palmetto (1998),1783,"Film-Noir|Mystery|Thriller,,",15,2,978212494,M,25,7,22903,20-30
Palookaville (1996),1112,"Action|Drama,,",87,1,977694773,M,25,14,48360,20-30
Pandora and the Flying Dutchman (1951),3657,"Drama,,",1147,3,974871891,M,25,20,98101,20-30
Panther (1995),297,"Drama,,",587,2,976235429,M,25,20,92649,20-30
"Paper Chase, The (1973)",3733,"Drama,",33,3,978983147,M,45,3,55421,40-50
"Paper, The (1994)",371,"Comedy|Drama,",45,4,977991081,F,45,16,94110,40-50
Papillon (1973),3198,"Drama,,",10,3,978226212,F,35,1,95370,30-40
"Paradine Case, The (1947)",2201,"Drama,",466,4,976227944,M,25,5,55405,20-30
Paradise Lost: The Child Murders at Robin Hood Hills (1996),1361,"Documentary,,",161,5,977219491,M,45,16,98107-2117,40-50
Paradise Road (1997),1507,"Drama|War,,",97,3,977621598,F,35,3,66210,30-40
"Paralyzing Fear: The Story of Polio in America, A (1998)",1787,"Documentary,",1470,2,974838954,M,18,4,94118,10-20
Parasite (1982),2256,"Horror|Sci-Fi,,",316,2,976466790,M,56,13,90740,50-60
"Parent Trap, The (1961)",1013,"Children's|Drama,",18,3,978155293,F,18,3,95825,10-20
"Parent Trap, The (1998)",2059,"Children's|Drama,",26,1,978139535,M,25,7,23112,20-30
Parenthood (1989),3526,"Comedy|Drama,,",18,3,978156893,F,18,3,95825,10-20
Paris Is Burning (1990),1192,"Documentary,,",5,5,978244493,M,25,20,55455,20-30
Paris Was a Woman (1995),1315,"Documentary,,",1242,2,976307964,F,35,0,10014,30-40
"Paris, France (1993)",559,"Comedy,",889,3,975250212,M,45,20,10024,40-50
"Paris, Texas (1984)",1305,"Drama,",53,5,977982826,M,25,0,96931,20-30
Party Girl (1995),187,"Comedy,,",23,3,978465575,M,35,0,90049,30-40
Passion Fish (1992),1187,"Drama,,",72,4,977869485,F,45,0,55122,40-50
Passion in the Desert (1998),1899,"Adventure|Drama,,",533,4,976233324,M,25,12,27514,20-30
Passion of Mind (1999),3540,"Romance|Thriller,,",45,2,977988289,F,45,16,94110,40-50
Patch Adams (1998),2431,"Comedy|Drama,,",10,5,978229147,F,35,1,95370,30-40
Pather Panchali (1955),668,"Drama,,",131,4,1014088199,M,18,4,06520,10-20
Paths of Glory (1957),1178,"Drama|War,,",81,5,977785640,F,25,0,60640,20-30
Patriot Games (1992),3256,"Action|Thriller,,",2,2,978299839,M,56,16,70072,50-60
"Patriot, The (2000)",3753,"Action|Drama|War,",6,5,978238195,F,50,9,55117,40-50
Patton (1970),1272,"Drama|War,,",33,4,978982999,M,45,3,55421,40-50
Paulie (1998),1806,"Adventure|Children's|Comedy,,",6,3,978236876,F,50,9,55117,40-50
"Pawnbroker, The (1965)",3789,"Drama,",62,5,977969426,F,35,3,98105,30-40
Payback (1999),2490,"Action|Thriller,,",2,3,978299966,M,56,16,70072,50-60
"Peacemaker, The (1997)",1616,"Action|Thriller|War,",36,3,978210267,M,25,3,94123,20-30
Peanuts - Die Bank zahlt alles (1996),643,"Comedy,,",1267,3,974817216,M,25,15,12203,20-30
Pecker (1998),2282,"Comedy|Drama,,",5,3,978244667,M,25,20,55455,20-30
Pee-wee's Big Adventure (1985),3608,"Comedy,,",10,3,978228601,F,35,1,95370,30-40
Peeping Tom (1960),2488,"Drama|Horror|Thriller,,",173,4,985286024,M,25,0,45237,20-30
Peggy Sue Got Married (1986),2469,"Comedy|Romance,,",6,3,978236670,F,50,9,55117,40-50
"Pelican Brief, The (1993)",2803,"Thriller,",65,5,977888402,M,35,12,55803,30-40
Penitentiary II (1982),2955,"Drama,,",2279,1,974561948,M,50,7,08816,40-50
Penny Serenade (1941),956,"Drama|Romance,,",62,3,977909708,F,35,3,98105,30-40
"People vs. Larry Flynt, The (1996)",1120,"Drama,",8,4,978230391,M,25,12,11413,20-30
"Perez Family, The (1995)",294,"Comedy|Romance,",90,3,993875667,M,56,13,85749,50-60
Perfect Blue (1997),2810,"Animation|Mystery,,",337,5,976349960,M,18,19,80205,10-20
"Perfect Candidate, A (1996)",1123,"Documentary,",149,3,978886007,M,25,1,29205,20-30
"Perfect Murder, A (1998)",1892,"Mystery|Thriller,",15,4,978212431,M,25,7,22903,20-30
"Perfect Storm, The (2000)",3755,"Action|Adventure|Thriller,",9,2,978225613,M,25,17,61614,20-30
"Perfect World, A (1993)",507,"Action|Drama,",36,4,993702387,M,25,3,94123,20-30
"Perils of Pauline, The (1947)",3349,"Comedy,",31,2,978121516,M,56,7,06840,50-60
Permanent Midnight (1998),2271,"Drama,,",175,4,977112857,F,25,2,95123,20-30
Persuasion (1995),28,"Romance,,",32,3,978122729,F,25,0,19355,20-30
"Pest, The (1997)",1456,"Comedy,",163,1,977212892,M,18,4,85013,10-20
Pet Sematary (1989),2513,"Horror,,",166,3,977299497,M,18,4,92802,10-20
Pet Sematary II (1992),2514,"Horror,,",163,1,977323447,M,18,4,85013,10-20
Pete's Dragon (1977),1030,"Adventure|Animation|Children's|Musical,,",6,4,978237691,F,50,9,55117,40-50
Peter Pan (1953),2087,"Animation|Children's|Fantasy|Musical,,",10,5,979775738,F,35,1,95370,30-40
Peter's Friends (1992),3045,"Comedy|Drama,,",45,2,977991283,F,45,16,94110,40-50
Phantasm (1979),2901,"Horror|Sci-Fi,,",17,4,978160848,M,50,1,95350,40-50
Phantasm II (1988),3837,"Horror,,",94,3,977628700,M,25,17,28601,20-30
Phantasm III: Lord of the Dead (1994),3838,"Horror,,",278,3,976587126,M,45,18,60482,40-50
Phantasm IV: Oblivion (1998),3839,"Horror,,",190,2,977027566,M,25,17,55125,20-30
"Phantom of the Opera, The (1943)",3936,"Drama|Thriller,",101,5,977577763,F,18,3,33314,10-20
"Phantom, The (1996)",761,"Adventure,",192,1,977028390,M,18,1,10977,10-20
Phantoms (1998),1655,"Horror,,",19,1,982190791,M,1,10,48073,1-10
Phat Beach (1996),834,"Comedy,,",284,1,976573081,M,25,12,91910,20-30
Phenomenon (1996),802,"Drama|Romance,,",10,5,978226425,F,35,1,95370,30-40
Philadelphia (1993),508,"Drama,,",8,3,978230435,M,25,12,11413,20-30
"Philadelphia Story, The (1940)",898,"Comedy|Romance,",10,4,979167630,F,35,1,95370,30-40
Pi (1998),1921,"Sci-Fi|Thriller,,",5,4,978246162,M,25,20,55455,20-30
"Piano, The (1993)",509,"Drama|Romance,",5,4,978245829,M,25,20,55455,20-30
Picnic (1955),982,"Drama,,",2,4,978299269,M,56,16,70072,50-60
Picnic at Hanging Rock (1975),1913,"Drama|Mystery,,",53,4,977982682,M,25,0,96931,20-30
Picture Bride (1995),301,"Drama|Romance,,",187,4,977234181,F,45,1,94061,40-50
Picture Perfect (1997),1593,"Comedy|Romance,,",26,3,978271769,M,25,7,23112,20-30
Pie in the Sky (1995),129,"Comedy|Romance,,",133,4,977422694,F,25,0,55071,20-30
"Pillow Book, The (1995)",1554,"Drama|Romance,",5,3,978244540,M,25,20,55455,20-30
Pink Flamingos (1972),2361,"Comedy,,",132,1,977427935,M,25,17,99709,20-30
Pink Floyd - The Wall (1982),1298,"Drama|Musical|War,,",26,2,978146940,M,25,7,23112,20-30
Pinocchio (1940),596,"Animation|Children's,,",10,4,978228174,F,35,1,95370,30-40
Piranha (1978),3024,"Horror|Sci-Fi,,",58,2,977942329,M,25,2,30303,20-30
Pit and the Pendulum (1961),2782,"Horror,,",19,2,982190791,M,1,10,48073,1-10
Pitch Black (2000),3300,"Action|Sci-Fi,,",17,4,978158689,M,50,1,95350,40-50
"Place in the Sun, A (1951)",3475,"Drama|Romance,",169,4,977198635,M,25,7,55439,20-30
Places in the Heart (1984),3111,"Drama,,",33,3,978108858,M,45,3,55421,40-50
Plan 9 from Outer Space (1958),1924,"Horror|Sci-Fi,,",42,1,978040469,M,25,8,24502,20-30
Planet of the Apes (1968),2529,"Action|Sci-Fi,,",10,4,978226866,F,35,1,95370,30-40
Platoon (1986),1090,"Drama|War,,",2,2,978298580,M,56,16,70072,50-60
Play it to the Bone (1999),3180,"Comedy|Drama,,",202,3,976938724,M,18,4,53706,10-20
"Player's Club, The (1998)",1825,"Action|Drama,",181,3,977088000,M,18,17,33186,10-20
"Player, The (1992)",2289,"Comedy|Drama,",5,4,978244568,M,25,20,55455,20-30
Playing God (1997),1647,"Crime|Thriller,,",129,4,977435339,M,25,11,20164,20-30
Playing by Heart (1998),2443,"Drama|Romance,,",45,4,977988890,F,45,16,94110,40-50
Pleasantville (1998),2321,"Comedy,,",1,3,978302205,F,1,10,48067,1-10
Plenty (1985),2758,"Drama,,",975,3,975127112,M,35,0,98136,30-40
Plunkett & MaCleane (1999),2893,"Action|Drama,,",18,2,978153370,F,18,3,95825,10-20
Pocahontas (1995),48,"Animation|Children's|Musical|Romance,,",1,5,978824351,F,1,10,48067,1-10
Poetic Justice (1993),510,"Drama,,",8,3,978232056,M,25,12,11413,20-30
Poison (1991),3218,"Drama,,",850,4,975351850,M,35,0,60640,30-40
Poison Ivy (1992),3063,"Thriller,,",26,3,978140187,M,25,7,23112,20-30
Poison Ivy II (1995),291,"Thriller,,",18,1,978152203,F,18,3,95825,10-20
Poison Ivy: New Seduction (1997),3064,"Thriller,,",133,4,977423053,F,25,0,55071,20-30
Pokémon the Movie 2000 (2000),3799,"Animation|Children's,,",5,3,978243937,M,25,20,55455,20-30
Pokémon: The First Movie (1998),3054,"Animation|Children's,,",75,3,977850614,F,1,10,01748,1-10
Police Academy (1984),2378,"Comedy,,",10,3,978230187,F,35,1,95370,30-40
Police Academy 2: Their First Assignment (1985),2379,"Comedy,,",34,3,978104253,F,18,0,02135,10-20
Police Academy 3: Back in Training (1986),2380,"Comedy,,",34,3,978104279,F,18,0,02135,10-20
Police Academy 4: Citizens on Patrol (1987),2381,"Comedy,,",123,1,977590423,M,35,9,67208,30-40
Police Academy 5: Assignment: Miami Beach (1988),2382,"Comedy,,",34,1,978104290,F,18,0,02135,10-20
Police Academy 6: City Under Siege (1989),2383,"Comedy,,",34,1,978104279,F,18,0,02135,10-20
Police Story 4: Project S (Chao ji ji hua) (1993),876,"Action,,",169,5,977209624,M,25,7,55439,20-30
Polish Wedding (1998),2007,"Comedy,,",50,3,977960619,F,25,2,98133,20-30
Pollyanna (1960),1014,"Children's|Comedy|Drama,,",45,4,977991565,F,45,16,94110,40-50
Poltergeist (1982),1994,"Horror|Thriller,,",19,5,978555173,M,1,10,48073,1-10
Poltergeist II: The Other Side (1986),1995,"Horror|Thriller,,",116,4,977496344,M,25,17,55744,20-30
Poltergeist III (1988),1996,"Horror|Thriller,,",117,2,977505439,M,25,17,33314,20-30
"Pompatus of Love, The (1996)",984,"Comedy|Drama,",166,4,977301488,M,18,4,92802,10-20
Ponette (1996),1545,"Drama,,",1,4,978824139,F,1,10,48067,1-10
"Pope of Greenwich Village, The (1984)",2347,"Action,",87,1,977694817,M,25,14,48360,20-30
Popeye (1980),2088,"Adventure|Comedy|Musical,,",35,4,978102155,M,45,1,02482,40-50
Pork Chop Hill (1959),2669,"War,,",40,3,978041224,M,45,0,10543,40-50
Porky's (1981),3688,"Comedy,,",10,3,978230022,F,35,1,95370,30-40
Porky's II: The Next Day (1983),3689,"Comedy,,",26,3,978147235,M,25,7,23112,20-30
Porky's Revenge (1985),3690,"Comedy,,",26,3,978147261,M,25,7,23112,20-30
"Portrait of a Lady, The (1996)",1417,"Drama,",53,3,977988802,M,25,0,96931,20-30
"Poseidon Adventure, The (1972)",2013,"Action|Adventure,",5,3,978242934,M,25,20,55455,20-30
Possession (1981),3621,"Drama|Horror,,",1470,1,974836467,M,18,4,94118,10-20
"Postino, Il (The Postman) (1994)",58,"Drama|Romance,",8,5,978230286,M,25,12,11413,20-30
"Postman Always Rings Twice, The (1981)",3529,"Crime|Thriller,",62,3,977967801,F,35,3,98105,30-40
"Postman, The (1997)",1726,"Drama,",53,3,977988915,M,25,0,96931,20-30
Pot O' Gold (1941),3818,"Comedy|Musical,,",2121,3,974647894,M,56,13,02356,50-60
Powder (1995),24,"Drama|Sci-Fi,,",5,1,978242934,M,25,20,55455,20-30
Power 98 (1995),815,"Action|Mystery|Thriller,,",1630,1,974722442,M,45,17,91355,40-50
Practical Magic (1998),2316,"Drama|Romance,,",10,4,978229666,F,35,1,95370,30-40
Prancer (1989),2400,"Children's|Drama,,",333,3,996354286,M,35,2,55410,30-40
"Preacher's Wife, The (1996)",1363,"Drama,",62,3,977906272,F,35,3,98105,30-40
Predator (1987),3527,"Action|Sci-Fi|Thriller,,",4,1,978294008,M,45,7,02460,40-50
Predator 2 (1990),3697,"Action|Sci-Fi|Thriller,,",36,4,978062449,M,25,3,94123,20-30
Prefontaine (1997),1442,"Drama,,",2,4,978299297,M,56,16,70072,50-60
"Presidio, The (1988)",3197,"Action,",29,3,978136239,M,35,7,33407,30-40
Pretty Woman (1990),597,"Comedy|Romance,,",6,5,978239019,F,50,9,55117,40-50
Pretty in Pink (1986),2145,"Comedy|Drama|Romance,,",18,3,978157195,F,18,3,95825,10-20
"Price Above Rubies, A (1998)",1814,"Drama,",752,3,1029311352,F,25,3,97401,20-30
Price of Glory (2000),3482,"Drama,,",935,4,976668021,M,35,14,60538,30-40
Prick Up Your Ears (1987),3547,"Drama,,",173,4,1026939229,M,25,0,45237,20-30
Priest (1994),299,"Drama,,",5,3,978242934,M,25,20,55455,20-30
Primal Fear (1996),628,"Drama|Thriller,,",15,4,978198040,M,25,7,22903,20-30
Primary Colors (1998),1810,"Drama,,",8,2,978231031,M,25,12,11413,20-30
Prince Valiant (1997),1849,"Adventure,,",1181,1,976148404,M,35,7,20716,30-40
"Prince of Egypt, The (1998)",2394,"Animation|Musical,",15,4,978196775,M,25,7,22903,20-30
"Prince of Tides, The (1991)",3528,"Drama|Romance,",8,4,978231687,M,25,12,11413,20-30
Prince of the City (1981),3734,"Drama,,",238,3,976760237,F,50,7,90291,40-50
"Princess Bride, The (1987)",1197,"Action|Adventure|Comedy|Romance,",1,3,978302268,F,1,10,48067,1-10
Princess Caraboo (1994),580,"Drama,,",53,2,977986365,M,25,0,96931,20-30
"Princess Mononoke, The (Mononoke Hime) (1997)",3000,"Action|Adventure|Animation,",21,5,978139382,M,18,16,99353,10-20
Prisoner of the Mountains (Kavkazsky Plennik) (1996),1450,"War,,",62,5,977901374,F,35,3,98105,30-40
Private Benjamin (1980),1135,"Comedy,,",10,4,978229435,F,35,1,95370,30-40
Private Parts (1997),1476,"Comedy|Drama,,",8,3,978231493,M,25,12,11413,20-30
Private School (1983),3691,"Comedy,,",424,1,1017245046,M,25,17,55112,20-30
Prizzi's Honor (1985),3685,"Comedy|Drama|Romance,,",6,3,978236519,F,50,9,55117,40-50
Problem Child (1990),2798,"Comedy,,",26,1,978146047,M,25,7,23112,20-30
Problem Child 2 (1991),2799,"Comedy,,",268,1,976649859,F,18,12,29708,10-20
"Producers, The (1968)",2300,"Comedy|Musical,",10,5,978225682,F,35,1,95370,30-40
"Professional, The (a.k.a. Leon: The Professional) (1994)",293,"Crime|Drama|Romance|Thriller,",17,5,978159683,M,50,1,95350,40-50
"Program, The (1993)",511,"Action|Drama,",26,5,978130485,M,25,7,23112,20-30
Project Moon Base (1953),3779,"Sci-Fi,,",3338,3,967828156,M,45,16,08053,40-50
Prom Night (1980),1987,"Horror,,",117,1,977504650,M,25,17,33314,20-30
Prom Night III: The Last Kiss (1989),1989,"Horror,,",293,1,976654563,M,56,1,55337-4056,50-60
Prom Night IV: Deliver Us From Evil (1992),1990,"Horror,,",293,1,976654563,M,56,1,55337-4056,50-60
"Promise, The (La Promesse) (1996)",1533,"Drama,",225,4,976832220,M,25,7,11215,20-30
"Promise, The (Versprechen, Das) (1994)",690,Romance,1713,1,974705435,M,25,0,47421,20-30
"Prophecy II, The (1998)",1756,"Horror,",10,4,978228655,F,35,1,95370,30-40
"Prophecy, The (1995)",188,"Horror,",53,5,977980798,M,25,0,96931,20-30
"Proposition, The (1998)",1820,"Drama,",4169,2,978663691,M,50,0,66048,40-50
Psycho (1960),1219,"Horror|Thriller,,",19,5,978555104,M,1,10,48073,1-10
Psycho (1998),2389,"Crime|Horror|Thriller,,",15,4,978212352,M,25,7,22903,20-30
Psycho Beach Party (2000),3830,"Comedy|Horror|Thriller,,",235,3,1004922478,M,25,0,98153,20-30
Psycho II (1983),2902,"Horror|Thriller,,",245,1,976828127,M,35,16,66046,30-40
Psycho III (1986),2903,"Horror|Thriller,,",278,3,976587457,M,45,18,60482,40-50
Public Access (1993),2850,"Drama|Thriller,,",524,2,976170565,M,18,0,91320,10-20
Pulp Fiction (1994),296,"Crime|Drama,,",5,4,978244177,M,25,20,55455,20-30
Pump Up the Volume (1990),1268,"Drama,,",5,2,978245948,M,25,20,55455,20-30
Pumpkinhead (1988),3840,"Horror,,",117,2,977504650,M,25,17,33314,20-30
Puppet Master (1989),3660,"Horror|Sci-Fi|Thriller,,",22,4,978155249,M,18,15,53706,10-20
Puppet Master 4 (1993),3663,"Horror|Sci-Fi|Thriller,,",58,1,977942431,M,25,2,30303,20-30
Puppet Master 5: The Final Chapter (1994),3664,"Horror|Sci-Fi|Thriller,,",58,1,977942431,M,25,2,30303,20-30
Puppet Master II (1990),3661,"Horror|Sci-Fi|Thriller,,",22,4,978137099,M,18,15,53706,10-20
Puppet Master III: Toulon's Revenge (1991),3662,"Horror|Sci-Fi|Thriller,,",17,3,978160739,M,50,1,95350,40-50
Purple Noon (1960),659,"Crime|Thriller,,",23,2,978466366,M,35,0,90049,30-40
"Purple Rose of Cairo, The (1985)",2065,"Comedy|Drama|Romance,",31,3,978121584,M,56,7,06840,50-60
Pushing Hands (1992),298,"Comedy,,",78,4,978570974,F,45,1,98029,40-50
Pushing Tin (1999),2598,"Comedy,,",11,1,978904299,F,25,1,04093,20-30
"Pyromaniac's Love Story, A (1995)",295,"Comedy|Romance,",199,4,976978275,M,18,4,83706,10-20
Quatermass II (1957),3659,"Sci-Fi|Thriller,,",117,4,977506493,M,25,17,33314,20-30
Quatermass and the Pit (1967),3658,"Sci-Fi,,",12,4,978220216,M,25,12,32793,20-30
Queen Margot (La Reine Margot) (1994),302,"Drama|Romance,,",18,5,978156954,F,18,3,95825,10-20
Queens Logic (1991),2849,"Comedy|Drama,,",45,2,977992062,F,45,16,94110,40-50
Quest for Camelot (1998),1881,"Adventure|Animation|Children's|Fantasy,,",92,2,986189112,F,18,4,44243,10-20
Quest for Fire (1981),3036,"Adventure,,",13,3,978202524,M,45,1,93304,40-50
"Quest, The (1996)",704,"Action|Adventure,",73,3,977867506,M,18,4,53706,10-20
"Quick and the Dead, The (1995)",303,"Action|Adventure|Western,",24,4,978134351,F,25,7,10023,20-30
"Quiet Man, The (1952)",1226,"Comedy|Romance,",45,4,977990222,F,45,16,94110,40-50
"Quiet Room, The (1996)",1486,"Drama,",889,2,975261523,M,45,20,10024,40-50
Quiz Show (1994),300,"Drama,,",9,4,978226277,M,25,17,61614,20-30
Race the Sun (1996),120,"Drama,,",1088,3,1026376170,F,1,10,98103,1-10
Radio Days (1987),2750,"Comedy|Drama,,",53,5,977983946,M,25,0,96931,20-30
Radioland Murders (1994),513,"Comedy|Mystery|Romance,,",48,3,978131038,M,25,4,92107,20-30
"Rage: Carrie 2, The (1999)",2548,"Horror,",163,1,977323525,M,18,4,85013,10-20
Raging Bull (1980),1228,"Drama,,",57,5,977936062,M,18,19,30350,10-20
Raiders of the Lost Ark (1981),1198,"Action|Adventure,,",2,4,978298124,M,56,16,70072,50-60
Railroaded! (1947),3380,"Film-Noir,,",1266,4,974863284,M,25,4,18104,20-30
Rain (1932),2904,"Drama,,",97,5,977622298,F,35,3,66210,30-40
Rain Man (1988),1961,"Drama,,",1,5,978301590,F,1,10,48067,1-10
Raining Stones (1993),3295,"Drama,,",1749,4,974702880,M,25,2,10040,20-30
"Rainmaker, The (1997)",1672,"Drama,",15,4,978198442,M,25,7,22903,20-30
Raise the Red Lantern (1991),1280,"Drama,,",53,5,977982675,M,25,0,96931,20-30
Raise the Titanic (1980),3403,"Drama|Thriller,,",117,4,977496395,M,25,17,33314,20-30
"Raisin in the Sun, A (1961)",3350,"Drama,",59,3,977934457,F,50,1,55413,40-50
Raising Arizona (1987),1394,"Comedy,,",3,4,978298147,M,25,15,55117,20-30
Rambo III (1988),2404,"Action|War,,",18,2,978153977,F,18,3,95825,10-20
Rambo: First Blood Part II (1985),2402,"Action|War,,",18,2,978153894,F,18,3,95825,10-20
Ran (1985),1217,"Drama|War,,",2,3,978298151,M,56,16,70072,50-60
Random Hearts (1999),2906,"Drama|Romance,,",26,4,978146047,M,25,7,23112,20-30
Ransom (1996),832,"Drama|Thriller,,",15,4,978198581,M,25,7,22903,20-30
"Rapture, The (1991)",2024,"Drama|Mystery,",79,4,977805821,F,45,0,98103,40-50
"Raven, The (1963)",2780,"Comedy|Horror,",31,1,978121786,M,56,7,06840,50-60
Ravenous (1999),2560,"Drama|Horror,,",5,4,978242977,M,25,20,55455,20-30
Raw Deal (1948),1153,"Film-Noir,,",335,1,976363432,M,35,18,55434,30-40
Rawhead Rex (1986),2992,"Horror|Thriller,,",278,4,976587126,M,45,18,60482,40-50
"Razor's Edge, The (1984)",2928,"Drama,",123,4,977527410,M,35,9,67208,30-40
Re-Animator (1985),3018,"Horror,,",33,2,978982541,M,45,3,55421,40-50
Ready to Rumble (2000),3511,"Comedy,,",61,1,977903152,M,25,17,95122,20-30
Ready to Wear (Pret-A-Porter) (1994),305,"Comedy,,",45,2,977991613,F,45,16,94110,40-50
"Real Blonde, The (1997)",1857,"Comedy,",216,3,976866800,M,45,13,52761,40-50
Real Genius (1985),1297,"Comedy,,",31,4,978121271,M,56,7,06840,50-60
Reality Bites (1994),372,"Comedy|Drama,,",24,1,978133072,F,25,7,10023,20-30
Rear Window (1954),904,"Mystery|Thriller,,",10,4,979775329,F,35,1,95370,30-40
Rebecca (1940),928,"Romance|Thriller,,",28,4,978125960,F,25,1,14607,20-30
Rebel Without a Cause (1955),1103,"Drama,,",2,3,978298905,M,56,16,70072,50-60
Reckless (1995),189,"Comedy,,",970,2,975110688,M,25,0,27615,20-30
Red Corner (1997),1686,"Crime|Thriller,,",53,4,977974838,M,25,0,96931,20-30
Red Dawn (1984),3441,"Action|War,,",26,4,978146812,M,25,7,23112,20-30
"Red Dwarf, The (Le Nain rouge) (1998)",2685,"Comedy|Drama,",216,4,976867746,M,45,13,52761,40-50
"Red Firecracker, Green Firecracker (1994)",309,"Drama,",53,3,977987956,M,25,0,96931,20-30
Red Rock West (1992),373,"Thriller,,",90,4,993873222,M,56,13,85749,50-60
Red Sonja (1985),2373,"Action|Adventure,,",18,3,978153894,F,18,3,95825,10-20
Red Sorghum (Hong Gao Liang) (1987),2972,"Drama|War,,",36,4,978210130,M,25,3,94123,20-30
"Red Violin, The (Le Violon rouge) (1998)",2686,"Drama|Mystery,",8,4,978230152,M,25,12,11413,20-30
Reds (1981),2929,"Drama,,",67,4,977885811,F,50,5,60181,40-50
"Ref, The (1994)",514,"Comedy,",48,2,978145734,M,25,4,92107,20-30
Regret to Inform (1998),3609,"Documentary,,",3367,4,970080350,M,50,16,10025,40-50
Reindeer Games (2000),3316,"Action|Thriller,,",61,3,977902742,M,25,17,95122,20-30
Relative Fear (1994),311,"Horror|Thriller,,",3618,3,966600082,M,56,17,22657,50-60
Relax... It's Just Sex (1998),2545,"Comedy,,",293,1,980976165,M,56,1,55337-4056,50-60
"Relic, The (1997)",879,"Horror,",19,1,982190857,M,1,10,48073,1-10
"Reluctant Debutante, The (1958)",939,"Comedy|Drama,",343,3,1006703592,F,35,3,55127,30-40
"Remains of the Day, The (1993)",515,"Drama,",2,5,978298542,M,56,16,70072,50-60
Remember the Titans (2000),3916,"Drama,,",9,3,978225153,M,25,17,61614,20-30
Renaissance Man (1994),516,"Comedy|Drama|War,,",48,3,978146927,M,25,4,92107,20-30
"Rendezvous in Paris (Rendez-vous de Paris, Les) (1995)",807,"Comedy|Romance,",383,4,976300268,F,25,7,78757,20-30
Rent-A-Cop (1988),3667,"Action|Comedy,,",260,1,976671983,M,18,19,98126,10-20
Rent-a-Kid (1995),310,"Comedy,,",753,4,1012167643,M,1,10,42754,1-10
"Replacement Killers, The (1998)",1769,"Action|Thriller,",53,5,977974838,M,25,0,96931,20-30
"Replacements, The (2000)",3861,"Comedy,",50,4,977961307,F,25,2,98133,20-30
Repo Man (1984),1965,"Comedy|Sci-Fi,,",23,4,978464076,M,35,0,90049,30-40
Repossessed (1990),3031,"Comedy,,",195,3,991106050,M,25,12,10458,20-30
Repulsion (1965),3075,"Thriller,,",173,5,998596464,M,25,0,45237,20-30
Requiem for a Dream (2000),3949,"Drama,,",30,4,978122183,F,35,7,19143,30-40
"Rescuers Down Under, The (1990)",2089,"Animation|Children's,",18,4,978154982,F,18,3,95825,10-20
"Rescuers, The (1977)",2090,"Animation|Children's,",10,4,978228820,F,35,1,95370,30-40
Reservoir Dogs (1992),1089,"Crime|Thriller,,",5,5,978244205,M,25,20,55455,20-30
Restoration (1995),43,"Drama,,",70,5,977878219,M,18,4,53703,10-20
Resurrection Man (1998),1908,"Drama|Thriller,,",1470,3,974915454,M,18,4,94118,10-20
Retro Puppetmaster (1999),3666,"Horror|Sci-Fi|Thriller,,",1741,3,974707447,M,35,7,91107,30-40
Retroactive (1997),3474,"Sci-Fi|Thriller,,",23,3,978464645,M,35,0,90049,30-40
Return from Witch Mountain (1978),2091,"Children's|Sci-Fi,,",10,3,978230593,F,35,1,95370,30-40
"Return of Jafar, The (1993)",2092,"Animation|Children's|Musical,",75,3,977851595,F,1,10,01748,1-10
"Return of Martin Guerre, The (Retour de Martin Guerre, Le) (1982)",1150,Drama,225,4,976832547,M,25,7,11215,20-30
Return of the Fly (1959),3923,"Horror|Sci-Fi,,",58,3,977942156,M,25,2,30303,20-30
"Return of the Pink Panther, The (1974)",1125,"Comedy,",10,4,978229562,F,35,1,95370,30-40
"Return of the Texas Chainsaw Massacre, The (1994)",2462,"Horror,",44,1,978041318,M,45,17,98052,40-50
Return to Me (2000),3512,"Drama|Romance,,",35,1,978103422,M,45,1,02482,40-50
Return to Oz (1985),2093,"Adventure|Children's|Fantasy|Sci-Fi,,",10,4,978229624,F,35,1,95370,30-40
Return to Paradise (1998),2166,"Drama|Romance,,",9,4,978226197,M,25,17,61614,20-30
Return with Honor (1998),2930,"Documentary,,",2161,4,974616864,F,35,2,95521,30-40
Rhyme & Reason (1997),1470,"Documentary,,",3032,4,970351114,M,25,0,47303,20-30
"Rich Man's Wife, The (1996)",992,"Thriller,",549,1,976116657,M,25,6,53217,20-30
Rich and Strange (1932),2215,"Comedy|Romance,,",731,4,975530491,M,45,3,55410,40-50
Richard III (1995),41,"Drama|War,,",5,4,978244692,M,25,20,55455,20-30
Richie Rich (1994),374,"Children's|Comedy,,",48,2,978147580,M,25,4,92107,20-30
Ride with the Devil (1999),3117,"Drama|Romance|War,,",149,4,989246839,M,25,1,29205,20-30
Ridicule (1996),1365,"Drama,,",53,5,977985605,M,25,0,96931,20-30
"Right Stuff, The (1983)",1231,"Drama,",33,3,978109250,M,45,3,55421,40-50
"Ring, The (1927)",2226,"Drama,",1812,3,1036451763,F,25,12,48103,20-30
Ripe (1996),1522,"Drama,,",53,4,977988752,M,25,0,96931,20-30
Rising Sun (1993),517,"Action|Drama|Mystery,,",13,3,978202151,M,45,1,93304,40-50
Risky Business (1983),2915,"Comedy,,",24,4,978132083,F,25,7,10023,20-30
"River Runs Through It, A (1992)",3100,"Drama,",5,1,978245645,M,25,20,55455,20-30
"River Wild, The (1994)",376,"Action|Thriller,",48,3,978066355,M,25,4,92107,20-30
"River, The (1984)",3109,"Drama,",62,3,977908945,F,35,3,98105,30-40
Road Trip (2000),3617,"Comedy,,",51,4,977947337,F,1,10,10562,1-10
"Road to El Dorado, The (2000)",3483,"Animation|Children's,",48,3,978059511,M,25,4,92107,20-30
"Road to Wellville, The (1994)",518,"Comedy,",26,1,978140071,M,25,7,23112,20-30
Roadside Prophets (1992),3495,"Comedy|Drama,,",752,4,1029311492,F,25,3,97401,20-30
Rob Roy (1995),151,"Drama|Romance|War,,",8,4,978231150,M,25,12,11413,20-30
Robert A. Heinlein's The Puppet Masters (1994),512,"Horror|Sci-Fi,,",134,3,978038046,M,25,0,66212,20-30
Robin Hood (1973),3034,"Animation|Children's,,",10,4,980638330,F,35,1,95370,30-40
Robin Hood: Men in Tights (1993),520,"Comedy,,",10,4,978230923,F,35,1,95370,30-40
Robin Hood: Prince of Thieves (1991),1027,"Drama,,",8,4,978232203,M,25,12,11413,20-30
Robocop (1987),2985,"Action|Crime|Sci-Fi,,",17,5,978160933,M,50,1,95350,40-50
Robocop 2 (1990),2986,"Action|Crime|Sci-Fi,,",42,4,978039771,M,25,8,24502,20-30
Robocop 3 (1993),519,"Sci-Fi|Thriller,,",53,3,977975869,M,25,0,96931,20-30
"Rock, The (1996)",733,"Action|Adventure|Thriller,",3,5,978297757,M,25,15,55117,20-30
Rocket Man (1997),1646,"Comedy,,",198,3,976981003,M,25,12,55108,20-30
"Rocketeer, The (1991)",2094,"Action|Adventure|Sci-Fi,",10,4,978229097,F,35,1,95370,30-40
Rocketship X-M (1950),3780,"Sci-Fi,,",42,3,978040469,M,25,8,24502,20-30
Rocky (1976),1954,"Action|Drama,,",2,5,978298841,M,56,16,70072,50-60
"Rocky Horror Picture Show, The (1975)",2657,"Comedy|Horror|Musical|Sci-Fi,",10,4,978224779,F,35,1,95370,30-40
Rocky II (1979),2409,"Action|Drama,,",23,3,993706924,M,35,0,90049,30-40
Rocky III (1982),2410,"Action|Drama,,",23,3,993706924,M,35,0,90049,30-40
Rocky IV (1985),2411,"Action|Drama,,",23,2,993706949,M,35,0,90049,30-40
Rocky V (1990),2412,"Action|Drama,,",26,2,978146047,M,25,7,23112,20-30
Roger & Me (1989),2064,"Comedy|Documentary,,",19,3,978556835,M,1,10,48073,1-10
Rollercoaster (1977),2523,"Drama|Thriller,,",46,1,977979482,M,18,19,75602,10-20
Roman Holiday (1953),916,"Comedy|Romance,,",10,5,979168424,F,35,1,95370,30-40
Romance (1999),2894,"Drama|Romance,,",192,1,1009297872,M,18,1,10977,10-20
Romancing the Stone (1984),2406,"Action|Adventure|Comedy|Romance,,",6,5,978236670,F,50,9,55117,40-50
Romeo Is Bleeding (1993),521,"Crime|Thriller,,",23,2,978462640,M,35,0,90049,30-40
Romeo Must Die (2000),3452,"Action|Romance,,",9,2,978225746,M,25,17,61614,20-30
Romeo and Juliet (1968),3668,"Drama|Romance,,",10,4,979167795,F,35,1,95370,30-40
Romper Stomper (1992),522,"Action|Drama,,",53,4,977986347,M,25,0,96931,20-30
Romy and Michele's High School Reunion (1997),1513,"Comedy,,",5,4,978242977,M,25,20,55455,20-30
Ronin (1998),2278,"Action|Crime|Thriller,,",2,3,978299889,M,56,16,70072,50-60
Room at the Top (1959),3171,"Drama,,",238,4,976760467,F,50,7,90291,40-50
"Room with a View, A (1986)",1296,"Drama|Romance,",6,3,978236519,F,50,9,55117,40-50
Roommates (1995),304,"Comedy|Drama,,",647,5,975714119,M,35,12,85224,30-40
Rope (1948),2176,"Thriller,,",23,2,978466366,M,35,0,90049,30-40
Roseanna's Grave (For Roseanna) (1997),1564,"Comedy|Romance,,",151,3,978682742,F,25,20,85013,20-30
Rosemary's Baby (1968),2160,"Horror|Thriller,,",19,2,978555141,M,1,10,48073,1-10
Rosencrantz and Guildenstern Are Dead (1990),1243,"Comedy|Drama,,",5,3,978244001,M,25,20,55455,20-30
Rosetta (1999),3010,"Drama,,",173,3,995304459,M,25,0,45237,20-30
Rosewood (1997),1465,"Drama,,",163,2,977212301,M,18,4,85013,10-20
Rosie (1998),2825,"Drama,,",327,1,976397718,M,35,18,55448,30-40
Rough Magic (1995),1549,"Drama|Romance,,",590,4,975913041,F,35,6,98032,30-40
Rough Night in Jericho (1967),3025,"Western,,",639,4,975810904,M,45,17,85202,40-50
Roula (1995),642,"Drama,,",2130,2,974642401,M,45,0,03060,40-50
Rounders (1998),2231,"Crime|Drama,,",110,4,977514542,M,25,2,90803,20-30
Roustabout (1964),3610,"Musical,,",6,3,978237813,F,50,9,55117,40-50
Ruby in Paradise (1993),523,"Drama,,",161,4,977221938,M,45,16,98107-2117,40-50
Rudy (1993),524,"Drama,,",8,5,978230611,M,25,12,11413,20-30
"Rugrats Movie, The (1998)",2354,"Animation|Children's|Comedy,",75,4,977852600,F,1,10,01748,1-10
Rules of Engagement (2000),3513,"Drama|Thriller,,",5,1,978243896,M,25,20,55455,20-30
"Ruling Class, The (1972)",1162,"Comedy,",35,3,978210919,M,45,1,02482,40-50
Rumble in the Bronx (1995),112,"Action|Adventure|Crime,,",22,2,980066476,M,18,15,53706,10-20
Run Lola Run (Lola rennt) (1998),2692,"Action|Crime|Romance,,",1,4,978301570,F,1,10,48067,1-10
"Run Silent, Run Deep (1958)",2670,"War,",59,5,1041962835,F,50,1,55413,40-50
"Run of the Country, The (1995)",679,"Drama,",3072,4,969943743,M,50,1,55126,40-50
Runaway (1984),3937,"Sci-Fi|Thriller,,",42,3,978039711,M,25,8,24502,20-30
Runaway Bride (1999),2724,"Comedy|Romance,,",15,3,978196817,M,25,7,22903,20-30
Runaway Train (1985),2344,"Action|Adventure|Drama|Thriller,,",33,3,978110676,M,45,3,55421,40-50
Running Free (2000),3647,"Drama,,",700,4,975555310,M,50,17,14650,40-50
"Running Man, The (1987)",3698,"Action|Adventure|Sci-Fi,",18,3,978153796,F,18,3,95825,10-20
Running Scared (1986),2457,"Action|Comedy,,",62,3,977928857,F,35,3,98105,30-40
Rush Hour (1998),2273,"Action|Thriller,,",15,3,978198834,M,25,7,22903,20-30
Rushmore (1998),2395,"Comedy,,",5,5,978243054,M,25,20,55455,20-30
Ruthless People (1986),2463,"Comedy,,",26,3,978141688,M,25,7,23112,20-30
S.F.W. (1994),386,"Drama,,",660,3,975696381,M,45,16,70507,40-50
SLC Punk! (1998),2596,"Comedy|Drama,,",63,4,977901340,M,18,4,54902,10-20
Sabotage (1936),2210,"Thriller,,",97,3,977622259,F,35,3,66210,30-40
Saboteur (1942),2204,"Thriller,,",97,5,977622482,F,35,3,66210,30-40
Sabrina (1954),915,"Comedy|Romance,,",10,5,978227215,F,35,1,95370,30-40
Sabrina (1995),7,"Comedy|Romance,,",10,4,978227763,F,35,1,95370,30-40
Sacco and Vanzetti (Sacco e Vanzetti) (1971),3522,"Drama,,",1748,3,984633907,M,50,1,04240,40-50
Safe (1995),190,"Thriller,,",53,5,977974108,M,25,0,96931,20-30
Safe Men (1998),2128,"Comedy,,",424,4,1045581990,M,25,17,55112,20-30
Safe Passage (1994),375,"Drama,,",319,3,976427445,F,50,6,33436,40-50
"Saint of Fort Washington, The (1993)",525,"Drama,",195,5,977454799,M,25,12,10458,20-30
"Saint, The (1997)",1479,"Action|Romance|Thriller,",13,3,978202104,M,45,1,93304,40-50
"Saltmen of Tibet, The (1997)",2129,"Documentary,",205,5,976922191,M,35,12,97333,30-40
Saludos Amigos (1943),3611,"Animation|Children's|Comedy,,",563,3,976045204,M,25,4,53703,20-30
"Sandpiper, The (1965)",3073,"Drama|Romance,",128,5,977434184,M,56,6,37922,50-60
Sanjuro (1962),2905,"Action|Adventure,,",157,4,977248885,M,35,16,12866,30-40
Santa Claus: The Movie (1985),2399,"Adventure|Children's|Fantasy,,",10,4,978224821,F,35,1,95370,30-40
"Santa Clause, The (1994)",317,"Children's|Comedy|Fantasy,",10,4,978228625,F,35,1,95370,30-40
Santa Fe Trail (1940),3122,"Drama|Romance|Western,,",461,2,976232050,M,50,7,55075,40-50
Santa with Muscles (1996),1311,"Comedy,,",58,1,977936528,M,25,2,30303,20-30
Santitos (1997),3242,"Comedy,,",2665,3,974820904,M,35,11,98443,30-40
Sarafina! (1992),3711,"Drama,,",187,4,977233238,F,45,1,94061,40-50
"Saragossa Manuscript, The (Rekopis znaleziony w Saragossie) (1965)",2632,"Drama,",1274,4,1031910904,M,45,7,37343,40-50
Saturn 3 (1979),2851,"Adventure|Sci-Fi|Thriller,,",53,4,977975307,M,25,0,96931,20-30
"Savage Nights (Nuits fauves, Les) (1992)",526,"Drama,",1069,1,974943857,M,25,20,98105,20-30
Saving Grace (2000),3831,"Comedy,,",35,3,978103362,M,45,1,02482,40-50
Saving Private Ryan (1998),2028,"Action|Drama|War,,",1,5,978301619,F,1,10,48067,1-10
Savior (1998),2358,"Drama,,",1174,3,974857759,F,18,16,91780,10-20
Say Anything... (1989),2248,"Comedy|Drama|Romance,,",18,4,978156430,F,18,3,95825,10-20
"Scarlet Letter, The (1926)",957,"Drama,",31,4,978120364,M,56,7,06840,50-60
"Scarlet Letter, The (1995)",191,"Drama,",202,1,976938506,M,18,4,53706,10-20
Scary Movie (2000),3785,"Comedy|Horror,,",12,3,978218568,M,25,12,32793,20-30
Scent of a Woman (1992),3252,"Drama,,",8,3,978230013,M,25,12,11413,20-30
Schindler's List (1993),527,"Drama|War,,",1,5,978824195,F,1,10,48067,1-10
Schizopolis (1996),1546,"Comedy,,",11,4,978902521,F,25,1,04093,20-30
Schlafes Bruder (Brother of Sleep) (1995),989,"Drama,,",1915,5,974693867,M,50,13,01938,40-50
School Daze (1988),3423,"Drama,,",26,3,978147079,M,25,7,23112,20-30
"School of Flesh, The (L' École de la chair) (1998)",2544,"Drama,",30,4,978121513,F,35,7,19143,30-40
"Scorta, La (1993)",579,"Thriller,",1470,2,974838580,M,18,4,94118,10-20
"Scout, The (1994)",528,"Drama,",27,2,978129768,M,25,11,19130,20-30
Scream (1996),1407,"Horror|Thriller,,",19,4,978300170,M,1,10,48073,1-10
Scream 2 (1997),1717,"Horror|Thriller,,",19,2,978300170,M,1,10,48073,1-10
Scream 3 (2000),3273,"Horror|Mystery|Thriller,,",19,3,978300170,M,1,10,48073,1-10
Screamers (1995),76,"Sci-Fi|Thriller,,",17,4,978160887,M,50,1,95350,40-50
Screwed (2000),3596,"Comedy,,",19,5,978299860,M,1,10,48073,1-10
Scrooged (1988),3087,"Comedy,,",10,5,978226500,F,35,1,95370,30-40
"Sea Wolves, The (1980)",3137,"Action|War,",580,4,975971816,M,1,10,08534,1-10
"Search for One-eye Jimmy, The (1996)",1098,"Comedy,",1010,2,975027408,M,25,0,10310,20-30
"Searchers, The (1956)",3365,"Western,",35,4,978101807,M,45,1,02482,40-50
Searching for Bobby Fischer (1993),529,"Drama,,",9,5,978226564,M,25,17,61614,20-30
Second Best (1994),530,"Drama,,",4169,4,976589311,M,50,0,66048,40-50
"Second Jungle Book: Mowgli & Baloo, The (1997)",1538,"Adventure|Children's,",419,1,976290376,M,18,3,55422,10-20
"Secret Adventures of Tom Thumb, The (1993)",392,"Adventure|Children's,",58,4,977938544,M,25,2,30303,20-30
Secret Agent (1936),2211,"Thriller,,",549,5,976116746,M,25,6,53217,20-30
"Secret Agent, The (1996)",1040,"Drama,",673,3,975619514,M,25,20,10023,20-30
"Secret Garden, The (1993)",531,"Children's|Drama,",1,4,978302149,F,1,10,48067,1-10
"Secret of NIMH, The (1982)",2139,"Animation|Children's,",18,5,978154798,F,18,3,95825,10-20
"Secret of Roan Inish, The (1994)",314,"Drama,",59,3,1041962835,F,50,1,55413,40-50
Secrets & Lies (1996),1041,"Drama,,",30,4,978121947,F,35,7,19143,30-40
See the Sea (Regarde la mer) (1997),2192,"Drama,,",998,5,975192573,M,45,20,10019,40-50
Selena (1997),1487,"Drama|Musical,,",15,4,978198011,M,25,7,22903,20-30
Sense and Sensibility (1995),17,"Drama|Romance,,",6,4,978236383,F,50,9,55117,40-50
Senseless (1998),1746,"Comedy,,",202,3,976941040,M,18,4,53706,10-20
"Separation, The (La Séparation) (1994)",2869,"Drama,",624,3,1029032409,M,25,1,75207,20-30
Serial Mom (1994),532,"Comedy|Crime|Horror,,",18,1,978155861,F,18,3,95825,10-20
Serpico (1973),3735,"Crime|Drama,,",2,3,978298814,M,56,16,70072,50-60
Sesame Street Presents Follow That Bird (1985),3399,"Children's|Comedy,,",18,4,978155339,F,18,3,95825,10-20
Set It Off (1996),998,"Action|Crime,,",104,2,1016055752,M,25,12,00926,20-30
Seven (Se7en) (1995),47,"Crime|Thriller,,",5,3,978245334,M,25,20,55455,20-30
Seven Beauties (Pasqualino Settebellezze) (1976),2238,"Comedy|Drama,,",35,4,978101711,M,45,1,02482,40-50
Seven Chances (1925),3232,"Comedy,,",656,4,975696721,F,45,16,92106,40-50
Seven Days in May (1964),3634,"Thriller,,",23,2,978465744,M,35,0,90049,30-40
Seven Samurai (The Magnificent Seven) (Shichinin no samurai) (1954),2019,"Action|Drama,,",18,5,978152973,F,18,3,95825,10-20
Seven Years in Tibet (1997),1619,"Drama|War,,",15,4,978211867,M,25,7,22903,20-30
Seventh Heaven (Le Septième ciel) (1997),2063,"Drama|Romance,,",389,1,976298826,M,25,6,68128,20-30
"Seventh Seal, The (Sjunde inseglet, Det) (1957)",1237,Drama,27,5,978129795,M,25,11,19130,20-30
"Seventh Sign, The (1988)",2263,"Thriller,",22,3,978136783,M,18,15,53706,10-20
"Sex, Lies, and Videotape (1989)",1186,Drama,18,1,978156664,F,18,3,95825,10-20
Sgt. Bilko (1996),637,"Comedy,,",66,3,977885843,M,25,18,57706,20-30
Shadow Conspiracy (1997),1055,"Thriller,,",149,3,993154528,M,25,1,29205,20-30
Shadow of a Doubt (1943),2203,"Film-Noir|Thriller,,",97,5,977622399,F,35,3,66210,30-40
"Shadow, The (1994)",533,"Action,",48,3,978066493,M,25,4,92107,20-30
Shadowlands (1993),534,"Drama|Romance,,",48,3,978013430,M,25,4,92107,20-30
Shadows (Cienie) (1988),142,"Drama,,",1470,1,974836640,M,18,4,94118,10-20
Shadrach (1998),2293,"Drama,,",331,3,1000153631,M,25,7,55902,20-30
Shaft (1971),3729,"Action|Crime,,",62,4,977969139,F,35,3,98105,30-40
Shaft (2000),3744,"Action|Crime,,",5,1,978243896,M,25,20,55455,20-30
Shaft in Africa (1973),3781,"Action|Crime,,",308,2,976484279,M,25,2,10025,20-30
Shaft's Big Score! (1972),3782,"Action|Crime,,",163,1,977218783,M,18,4,85013,10-20
"Shaggy D.A., The (1976)",2095,"Children's|Comedy,",279,1,976583226,M,25,14,91214,20-30
"Shaggy Dog, The (1959)",1016,"Children's|Comedy,",10,5,978229171,F,35,1,95370,30-40
Shakes the Clown (1991),3544,"Comedy,,",232,3,976812783,M,25,20,55408,20-30
Shakespeare in Love (1998),2396,"Comedy|Romance,,",2,4,978299641,M,56,16,70072,50-60
Shall We Dance? (1937),1066,"Comedy|Musical|Romance,,",59,4,1041967732,F,50,1,55413,40-50
Shall We Dance? (Shall We Dansu?) (1996),1537,"Comedy,,",2,4,978299620,M,56,16,70072,50-60
Shallow Grave (1994),319,"Thriller,,",17,4,978159896,M,50,1,95350,40-50
Shampoo (1975),3099,"Comedy|Romance,,",10,3,978230170,F,35,1,95370,30-40
Shane (1953),3871,"Drama|Western,,",35,5,978101573,M,45,1,02482,40-50
Shanghai Noon (2000),3624,"Action,,",5,3,978243803,M,25,20,55455,20-30
Shanghai Surprise (1986),3390,"Adventure,,",50,1,977960619,F,25,2,98133,20-30
Shanghai Triad (Yao a yao yao dao waipo qiao) (1995),30,"Drama,,",17,5,978159142,M,50,1,95350,40-50
Shattered Image (1998),2326,"Drama|Thriller,,",424,3,1036673964,M,25,17,55112,20-30
"Shawshank Redemption, The (1994)",318,"Drama,",2,5,978298413,M,56,16,70072,50-60
She's All That (1999),2485,"Comedy|Romance,,",15,3,978196817,M,25,7,22903,20-30
She's Gotta Have It (1986),3422,"Comedy|Romance,,",26,3,978271825,M,25,7,23112,20-30
She's So Lovely (1997),1600,"Drama|Romance,,",45,1,977988209,F,45,16,94110,40-50
She's the One (1996),804,"Comedy|Romance,,",26,4,978145105,M,25,7,23112,20-30
She-Devil (1989),3392,"Comedy,,",136,3,977423910,M,18,2,21202,10-20
"Sheltering Sky, The (1990)",2283,"Drama,",795,2,1038693269,F,35,14,19147,30-40
Shiloh (1997),1547,"Children's|Drama,,",187,4,977077643,F,45,1,94061,40-50
Shine (1996),1357,"Drama|Romance,,",2,5,978298709,M,56,16,70072,50-60
"Shining, The (1980)",1258,"Horror,",19,5,978555104,M,1,10,48073,1-10
"Shooter, The (1995)",1181,"Action,",1181,2,974855948,M,35,7,20716,30-40
Shooting Fish (1997),1755,"Romance,,",102,2,1002828607,M,35,19,20871,30-40
"Shop Around the Corner, The (1940)",3097,"Comedy|Romance,",10,5,978226951,F,35,1,95370,30-40
Shopping (1994),98,"Action|Thriller,,",163,1,977220087,M,18,4,85013,10-20
Short Cuts (1993),535,"Drama,,",131,4,977431812,M,18,4,06520,10-20
"Show, The (1995)",192,"Documentary,",1154,2,974865617,F,1,10,53545,1-10
Shower (Xizhao) (1999),3787,"Comedy,,",32,4,978121792,F,25,0,19355,20-30
Showgirls (1995),193,"Drama,,",53,4,977988802,M,25,0,96931,20-30
Sid and Nancy (1986),2348,"Drama,,",18,3,978156476,F,18,3,95825,10-20
"Siege, The (1998)",2334,"Action|Thriller,",36,5,978211531,M,25,3,94123,20-30
"Silence of the Lambs, The (1991)",593,"Drama|Thriller,",2,5,978298517,M,56,16,70072,50-60
"Silence of the Palace, The (Saimt el Qusur) (1994)",127,"Drama,",5334,1,960795494,F,56,13,46140,50-60
Silent Fall (1994),3848,"Drama|Thriller,,",570,4,976002205,M,25,4,33314,20-30
Simon Birch (1998),2236,"Drama,,",2,5,978299220,M,56,16,70072,50-60
Simon Sez (1999),2887,"Drama,,",1470,2,974915410,M,18,4,94118,10-20
Simpatico (1999),3162,"Comedy|Drama,,",201,4,976943097,F,35,2,55117,30-40
"Simple Plan, A (1998)",2391,"Crime|Thriller,",15,3,978198150,M,25,7,22903,20-30
"Simple Twist of Fate, A (1994)",536,"Drama,",76,3,977847862,M,35,7,55413,30-40
"Simple Wish, A (1997)",1583,"Children's|Fantasy,",10,4,978230461,F,35,1,95370,30-40
Simply Irresistible (1999),2491,"Comedy|Romance,,",45,1,977988253,F,45,16,94110,40-50
Sinbad and the Eye of the Tiger (1977),3807,"Action|Adventure,,",42,4,978041223,M,25,8,24502,20-30
Singin' in the Rain (1952),899,"Musical|Romance,,",10,4,979167758,F,35,1,95370,30-40
"Single Girl, A (La Fille Seule) (1995)",1116,"Drama,",1069,4,974942923,M,25,20,98105,20-30
Single White Female (1992),3274,"Action,,",26,3,978139333,M,25,7,23112,20-30
Singles (1992),3261,"Comedy|Drama|Romance,,",15,2,978198493,M,25,7,22903,20-30
Sirens (1994),537,"Comedy|Drama,,",216,4,976863227,M,45,13,52761,40-50
Sister Act (1992),3247,"Comedy|Crime,,",10,4,978227481,F,35,1,95370,30-40
Sister Act 2: Back in the Habit (1993),3248,"Comedy,,",26,2,978145803,M,25,7,23112,20-30
Six Days Seven Nights (1998),1894,"Adventure|Comedy|Romance,,",38,3,978045139,F,18,4,02215,10-20
Six Degrees of Separation (1993),538,"Drama,,",8,3,978230391,M,25,12,11413,20-30
Six Ways to Sunday (1997),2543,"Comedy,,",5220,3,961546137,M,25,7,91436,20-30
Six of a Kind (1934),1160,"Comedy,,",889,3,975250190,M,45,20,10024,40-50
Six-String Samurai (1998),2275,"Action|Adventure|Sci-Fi,,",438,5,976248118,M,18,11,53705,10-20
Sixteen Candles (1984),2144,"Comedy,,",24,4,978132083,F,25,7,10023,20-30
"Sixth Man, The (1997)",1494,"Comedy,",699,2,986532833,M,18,0,73505,10-20
"Sixth Sense, The (1999)",2762,"Thriller,",1,4,978302091,F,1,10,48067,1-10
Skipped Parts (2000),3888,"Drama|Romance,,",1274,4,1007064872,M,45,7,37343,40-50
"Skulls, The (2000)",3484,"Thriller,",9,2,978225778,M,25,17,61614,20-30
Slam (1998),2305,"Drama,,",195,4,980844111,M,25,12,10458,20-30
Slappy and the Stinkers (1998),1843,"Children's|Comedy,,",5420,3,960156505,F,1,19,14850,1-10
Slaughterhouse (1987),3026,"Horror,,",732,1,975496190,M,25,7,07030,20-30
Slaughterhouse 2 (1988),3027,"Horror,,",1017,2,975013140,M,35,0,30906,30-40
Slaves to the Underground (1997),3381,"Comedy|Drama,,",3235,4,968358580,M,18,4,87801,10-20
Sleepaway Camp (1983),3843,"Horror,,",117,1,977505087,M,25,17,33314,20-30
Sleeper (1973),1077,"Comedy|Sci-Fi,,",17,5,978160680,M,50,1,95350,40-50
Sleepers (1996),1061,"Crime|Drama,,",33,4,978983262,M,45,3,55421,40-50
Sleeping Beauty (1959),2096,"Animation|Children's|Musical,,",10,5,979775364,F,35,1,95370,30-40
Sleepless in Seattle (1993),539,"Comedy|Romance,,",10,5,978227239,F,35,1,95370,30-40
Sleepover (1995),1115,"Comedy|Drama,,",1470,1,974915361,M,18,4,94118,10-20
Sleepwalkers (1992),3709,"Horror,,",163,1,977323447,M,18,4,85013,10-20
Sleepy Hollow (1999),3081,"Horror|Romance,,",5,3,978243054,M,25,20,55455,20-30
Sliding Doors (1998),1680,"Drama|Romance,,",33,3,978110174,M,45,3,55421,40-50
Sling Blade (1996),1358,"Drama|Thriller,,",9,4,978226207,M,25,17,61614,20-30
"Slingshot, The (Kådisbellan ) (1993)",570,"Comedy|Drama,",225,4,976832118,M,25,7,11215,20-30
"Slipper and the Rose, The (1976)",3612,"Adventure|Musical|Romance,",44,5,1004410560,M,45,17,98052,40-50
Sliver (1993),540,"Thriller,,",26,3,978271857,M,25,7,23112,20-30
"Slumber Party Massacre II, The (1987)",3939,"Horror,",46,5,977979062,M,18,19,75602,10-20
"Slumber Party Massacre III, The (1990)",3940,"Horror,",546,1,976068634,F,25,0,37211,20-30
"Slumber Party Massacre, The (1982)",3938,"Horror,",108,4,977528001,M,25,12,30316,20-30
"Slums of Beverly Hills, The (1998)",2155,"Comedy,",36,4,978063826,M,25,3,94123,20-30
Small Faces (1995),865,"Drama,,",302,2,976506218,M,18,4,04901,10-20
Small Soldiers (1998),1920,"Animation|Children's|Fantasy|War,,",25,2,978133433,M,18,4,01609,10-20
Small Time Crooks (2000),3618,"Comedy,,",23,3,978460576,M,35,0,90049,30-40
Small Wonders (1996),985,"Documentary,,",1150,2,975193353,F,25,20,75226,20-30
Smashing Time (1967),3233,"Comedy,,",3428,5,967343582,M,45,1,47933,40-50
"Smile Like Yours, A (1997)",1632,"Comedy|Romance,",45,2,977989501,F,45,16,94110,40-50
Smiling Fish and Goat on Fire (1999),3568,"Drama,,",173,2,1006356306,M,25,0,45237,20-30
Smilla's Sense of Snow (1997),1480,"Action|Drama|Thriller,,",36,3,978211373,M,25,3,94123,20-30
Smoke (1995),194,"Drama,,",5,3,978246108,M,25,20,55455,20-30
Smoke Signals (1998),1914,"Comedy|Drama,,",45,1,977990251,F,45,16,94110,40-50
Smoking/No Smoking (1993),3530,"Comedy,,",5494,4,959816296,F,35,17,94306,30-40
Snake Eyes (1998),2126,"Action|Crime|Mystery|Thriller,,",2,3,978300123,M,56,16,70072,50-60
Sneakers (1992),1396,"Crime|Drama|Sci-Fi,,",15,4,978198442,M,25,7,22903,20-30
Snow Day (2000),3286,"Comedy,,",32,1,978126476,F,25,0,19355,20-30
Snow Falling on Cedars (1999),3185,"Drama,,",59,3,1041962858,F,50,1,55413,40-50
Snow White and the Seven Dwarfs (1937),594,"Animation|Children's|Musical,,",1,4,978302268,F,1,10,48067,1-10
Snowriders (1996),1145,"Documentary,,",1470,2,974915518,M,18,4,94118,10-20
"Snows of Kilimanjaro, The (1952)",3207,"Adventure,",2550,3,974029748,M,50,7,37931,40-50
So Dear to My Heart (1949),1026,"Children's|Drama,,",629,4,975784518,F,1,10,48154,1-10
So I Married an Axe Murderer (1993),543,"Comedy|Romance|Thriller,,",10,4,978228848,F,35,1,95370,30-40
Soapdish (1991),3712,"Comedy,,",34,3,978103368,F,18,0,02135,10-20
Soft Fruit (1999),3410,"Comedy|Drama,,",454,5,1025236071,M,25,20,55092,20-30
Soft Toilet Seats (1999),3290,"Comedy,,",4553,3,964551353,F,35,16,48237,30-40
Solar Crisis (1993),3464,"Sci-Fi|Thriller,,",53,4,977975869,M,25,0,96931,20-30
Solaris (Solyaris) (1972),3503,"Drama|Sci-Fi,,",17,5,978160490,M,50,1,95350,40-50
Solas (1999),3894,"Drama,,",327,4,976397763,M,35,18,55448,30-40
Soldier (1998),2322,"Action|Adventure|Sci-Fi|Thriller|War,,",23,3,978464842,M,35,0,90049,30-40
"Soldier's Daughter Never Cries, A (1998)",2276,"Drama,",187,3,977232741,F,45,1,94061,40-50
"Soldier's Story, A (1984)",2852,"Drama,",2,3,978298958,M,56,16,70072,50-60
Solo (1996),692,"Action|Sci-Fi|Thriller,,",73,4,977867506,M,18,4,53706,10-20
Some Folks Call It a Sling Blade (1993),678,"Drama|Thriller,,",22,4,981605460,M,18,15,53706,10-20
Some Kind of Wonderful (1987),1290,"Drama|Romance,,",53,5,977986492,M,25,0,96931,20-30
Some Like It Hot (1959),910,"Comedy|Crime,,",22,4,991149892,M,18,15,53706,10-20
Some Mother's Son (1996),1412,"Drama,,",493,4,976215893,M,50,7,55016,40-50
Someone to Watch Over Me (1987),2956,"Action|Crime|Thriller,,",53,4,977974560,M,25,0,96931,20-30
Something Wicked This Way Comes (1983),2097,"Children's|Horror,,",44,3,1004411431,M,45,17,98052,40-50
Something for Everyone (1970),3419,"Comedy|Crime,,",1274,4,1002192554,M,45,7,37343,40-50
Something to Sing About (1937),975,"Comedy|Musical,,",3610,1,974824749,M,18,6,30064,10-20
Something to Talk About (1995),195,"Comedy|Drama|Romance,,",26,3,978271857,M,25,7,23112,20-30
Somewhere in Time (1980),1286,"Drama|Romance,,",10,5,979167906,F,35,1,95370,30-40
Somewhere in the City (1997),2277,"Drama,,",1470,2,974915454,M,18,4,94118,10-20
Sommersby (1993),2875,"Drama|Mystery|Romance,,",26,3,978271871,M,25,7,23112,20-30
Son in Law (1993),542,"Comedy,,",10,4,978230386,F,35,1,95370,30-40
Son of Dracula (1943),2653,"Horror,,",19,1,982190917,M,1,10,48073,1-10
Son of Flubber (1963),2098,"Children's|Comedy,,",109,4,977516946,M,45,15,92028,40-50
Son of Frankenstein (1939),2649,"Horror,,",19,1,982190917,M,1,10,48073,1-10
"Son of the Sheik, The (1926)",3492,"Adventure,",1034,4,975012272,F,35,1,82601,30-40
Song of Freedom (1936),3382,"Drama,,",5334,5,960796159,F,56,13,46140,50-60
Song of the South (1946),2099,"Adventure|Animation|Children's|Musical,,",114,4,977506262,F,25,2,83712,20-30
Sonic Outlaws (1995),134,"Documentary,,",4651,4,963953346,F,45,0,10036,40-50
Sophie's Choice (1982),1096,"Drama,,",2,4,978299386,M,56,16,70072,50-60
Sorority House Massacre (1986),3941,"Horror,,",117,1,977505439,M,25,17,33314,20-30
Sorority House Massacre II (1990),3942,"Horror,,",117,1,977505439,M,25,17,33314,20-30
Soul Food (1997),1621,"Drama,,",8,3,978230966,M,25,12,11413,20-30
Soul Man (1986),2473,"Comedy,,",26,3,978147163,M,25,7,23112,20-30
"Sound of Music, The (1965)",1035,"Musical,",1,5,978301753,F,1,10,48067,1-10
Sour Grapes (1998),1864,"Comedy,,",721,3,976463113,F,35,9,97520,30-40
"Source, The (1999)",2813,"Documentary,",838,4,975360662,M,50,17,92661,40-50
South Pacific (1958),2941,"Musical|Romance|War,,",33,4,978558792,M,45,3,55421,40-50
"South Park: Bigger, Longer and Uncut (1999)",2700,"Animation|Comedy,",5,4,978243085,M,25,20,55455,20-30
Soylent Green (1973),2009,"Sci-Fi|Thriller,,",10,4,979168210,F,35,1,95370,30-40
Space Cowboys (2000),3827,"Action|Sci-Fi,,",17,4,978160887,M,50,1,95350,40-50
Space Jam (1996),673,"Adventure|Animation|Children's|Comedy|Fantasy,,",26,2,978140454,M,25,7,23112,20-30
Spaceballs (1987),3033,"Comedy|Sci-Fi,,",14,4,978200320,M,35,0,60126,30-40
"Spanish Prisoner, The (1997)",1834,"Drama|Thriller,",2,4,978298813,M,56,16,70072,50-60
Spanking the Monkey (1994),574,"Comedy|Drama,,",131,4,977453793,M,18,4,06520,10-20
Spartacus (1960),2728,"Drama,,",2,3,978298881,M,56,16,70072,50-60
Spawn (1997),1591,"Action|Adventure|Sci-Fi|Thriller,,",18,1,978154005,F,18,3,95825,10-20
"Specialist, The (1994)",315,"Action,",26,3,978145667,M,25,7,23112,20-30
"Specials, The (2000)",3905,"Comedy,",1317,3,1011746123,M,45,7,98028,40-50
Species (1995),196,"Horror|Sci-Fi,,",23,4,978133428,M,35,0,90049,30-40
Species II (1998),1862,"Horror|Sci-Fi,,",58,3,977942431,M,25,2,30303,20-30
Speechless (1994),378,"Comedy|Romance,,",26,4,978144788,M,25,7,23112,20-30
Speed (1994),377,"Action|Romance|Thriller,,",5,4,978245999,M,25,20,55455,20-30
Speed 2: Cruise Control (1997),1556,"Action|Romance|Thriller,,",26,2,978141377,M,25,7,23112,20-30
Spellbound (1945),931,"Mystery|Romance|Thriller,,",33,4,978983054,M,45,3,55421,40-50
Sphere (1998),1779,"Adventure|Sci-Fi|Thriller,,",17,2,978158536,M,50,1,95350,40-50
Spice World (1997),1760,"Comedy|Musical,,",35,1,978102137,M,45,1,02482,40-50
"Spiders, The (Die Spinnen, 1. Teil: Der Goldene See) (1919)",2823,Action|Drama,1140,3,974880110,F,45,2,73069,40-50
"Spiral Staircase, The (1946)",3849,"Thriller,",123,4,977531873,M,35,9,67208,30-40
Spirits of the Dead (Tre Passi nel Delirio) (1968),775,"Horror,,",1680,2,974708813,M,25,20,95380,20-30
"Spitfire Grill, The (1996)",848,"Drama,",62,4,977902888,F,35,3,98105,30-40
Splash (1984),2100,"Comedy|Fantasy|Romance,,",6,3,978236567,F,50,9,55117,40-50
Splendor (1999),2864,"Comedy,,",173,3,993227727,M,25,0,45237,20-30
Splendor in the Grass (1961),3330,"Drama,,",62,5,977969681,F,35,3,98105,30-40
Spring Fever USA (a.k.a. Lauderdale) (1989),3123,"Comedy,,",4486,1,965013115,M,35,8,98674,30-40
Sprung (1997),1532,"Comedy,,",1982,3,974683770,M,1,10,80540,1-10
Spy Hard (1996),743,"Comedy,,",10,3,978224375,F,35,1,95370,30-40
"Spy Who Loved Me, The (1977)",3635,"Action,",18,5,978153146,F,18,3,95825,10-20
Squanto: A Warrior's Tale (1994),2101,"Adventure|Drama,,",1311,5,974781553,M,18,10,90274,10-20
St. Elmo's Fire (1985),2146,"Drama|Romance,,",26,5,978141178,M,25,7,23112,20-30
Stag (1997),1636,"Action|Thriller,,",881,2,975264410,M,18,14,76401,10-20
Stage Fright (1950),2187,"Mystery|Thriller,,",710,4,988443223,M,25,20,85207,20-30
Stalag 17 (1953),3196,"Drama|War,,",36,4,978210102,M,25,3,94123,20-30
Stalingrad (1993),760,"War,,",147,4,977337861,M,18,4,91360,10-20
Stalker (1979),1232,"Mystery|Sci-Fi,,",173,4,989525076,M,25,0,45237,20-30
Stand and Deliver (1987),3071,"Drama,,",2,4,978299120,M,56,16,70072,50-60
Stand by Me (1986),1259,"Adventure|Comedy|Drama,,",2,5,978298841,M,56,16,70072,50-60
Stanley & Iris (1990),3103,"Drama|Romance,,",62,3,977903391,F,35,3,98105,30-40
"Star Is Born, A (1937)",3217,"Drama,",54,3,977944081,M,50,1,56723,40-50
Star Kid (1997),1750,"Adventure|Children's|Fantasy|Sci-Fi,,",92,1,986189218,F,18,4,44243,10-20
"Star Maker, The (Uomo delle stelle, L') (1995)",124,Drama,345,4,976335143,M,25,12,94114,20-30
Star Maps (1997),1613,"Drama,,",166,4,977300784,M,18,4,92802,10-20
Star Trek III: The Search for Spock (1984),1375,"Action|Adventure|Sci-Fi,,",10,4,978228212,F,35,1,95370,30-40
Star Trek IV: The Voyage Home (1986),1376,"Action|Adventure|Sci-Fi,,",10,4,979168132,F,35,1,95370,30-40
Star Trek V: The Final Frontier (1989),1373,"Action|Adventure|Sci-Fi,,",19,2,978299588,M,1,10,48073,1-10
Star Trek VI: The Undiscovered Country (1991),1372,"Action|Adventure|Sci-Fi,,",2,3,978299941,M,56,16,70072,50-60
Star Trek: First Contact (1996),1356,"Action|Adventure|Sci-Fi,,",9,3,978226644,M,25,17,61614,20-30
Star Trek: Generations (1994),329,"Action|Adventure|Sci-Fi,,",10,5,978229147,F,35,1,95370,30-40
Star Trek: Insurrection (1998),2393,"Action|Sci-Fi,,",10,4,978228074,F,35,1,95370,30-40
Star Trek: The Motion Picture (1979),1371,"Action|Adventure|Sci-Fi,,",10,4,978229517,F,35,1,95370,30-40
Star Trek: The Wrath of Khan (1982),1374,"Action|Adventure|Sci-Fi,,",10,4,979168160,F,35,1,95370,30-40
Star Wars: Episode I - The Phantom Menace (1999),2628,"Action|Adventure|Fantasy|Sci-Fi,,",2,3,978300051,M,56,16,70072,50-60
Star Wars: Episode IV - A New Hope (1977),260,"Action|Adventure|Fantasy|Sci-Fi,,",1,4,978300760,F,1,10,48067,1-10
Star Wars: Episode V - The Empire Strikes Back (1980),1196,"Action|Adventure|Drama|Sci-Fi|War,,",2,5,978298730,M,56,16,70072,50-60
Star Wars: Episode VI - Return of the Jedi (1983),1210,"Action|Adventure|Romance|Sci-Fi|War,,",2,4,978298151,M,56,16,70072,50-60
Stardust Memories (1980),2290,"Comedy|Drama,,",62,2,977908977,F,35,3,98105,30-40
Stargate (1994),316,"Action|Adventure|Sci-Fi,,",10,5,978227503,F,35,1,95370,30-40
Starman (1984),3699,"Adventure|Drama|Romance|Sci-Fi,,",2,2,978299173,M,56,16,70072,50-60
"Stars Fell on Henrietta, The (1995)",197,"Drama,",1069,3,974944623,M,25,20,98105,20-30
Stars and Bars (1988),2246,"Comedy,,",889,3,975251556,M,45,20,10024,40-50
Starship Troopers (1997),1676,"Action|Adventure|Sci-Fi|War,,",10,4,978229028,F,35,1,95370,30-40
Stay Tuned (1992),3669,"Comedy,,",302,2,976507420,M,18,4,04901,10-20
"Steal Big, Steal Little (1995)",119,"Comedy,",216,5,976862765,M,45,13,52761,40-50
Steal This Movie! (2000),3886,"Drama,,",192,2,1009297725,M,18,1,10977,10-20
Stealing Beauty (1996),781,"Drama,,",131,2,977433276,M,18,4,06520,10-20
Stealing Home (1988),3138,"Drama,,",117,3,977497391,M,25,17,33314,20-30
Steam: The Turkish Bath (Hamam) (1997),2388,"Drama|Romance,,",281,4,976571775,F,35,0,94117,30-40
Steamboat Willie (1940),2102,"Animation|Children's|Comedy|Musical,,",92,3,986187240,F,18,4,44243,10-20
Steel (1997),1599,"Action,,",93,1,977630301,M,25,17,95825,20-30
Steel Magnolias (1989),3844,"Drama,,",33,5,978110149,M,45,3,55421,40-50
"Stepford Wives, The (1975)",2346,"Sci-Fi|Thriller,",17,3,978160887,M,50,1,95350,40-50
Stepmom (1998),2432,"Drama,,",34,4,978102800,F,18,0,02135,10-20
"Sticky Fingers of Time, The (1997)",2578,"Sci-Fi,",777,3,975604013,M,18,19,87543,10-20
Stiff Upper Lips (1998),2768,"Comedy,,",195,4,980145850,M,25,12,10458,20-30
Stigmata (1999),2840,"Thriller,,",15,4,978196848,M,25,7,22903,20-30
Still Breathing (1997),1874,"Comedy|Romance,,",201,5,976942659,F,35,2,55117,30-40
Still Crazy (1998),2482,"Comedy|Romance,,",151,4,978681992,F,25,20,85013,20-30
"Sting, The (1973)",1234,"Comedy|Crime,",10,4,978225630,F,35,1,95370,30-40
Stir of Echoes (1999),2841,"Thriller,,",15,4,978196848,M,25,7,22903,20-30
Stonewall (1995),831,"Drama,,",166,3,977300693,M,18,4,92802,10-20
Stop Making Sense (1984),2859,"Documentary,,",149,5,977588665,M,25,1,29205,20-30
Stop! Or My Mom Will Shoot (1992),3268,"Action|Comedy,,",21,3,978138977,M,18,16,99353,10-20
"Story of G.I. Joe, The (1945)",3670,"War,",343,3,1035725862,F,35,3,55127,30-40
"Story of Us, The (1999)",2961,"Comedy|Drama,",15,3,978196848,M,25,7,22903,20-30
"Story of Xinghua, The (1993)",844,"Drama,",238,5,976760260,F,50,7,90291,40-50
"Straight Story, The (1999)",2966,"Drama,",6,5,978237273,F,50,9,55117,40-50
Strange Days (1995),198,"Action|Crime|Sci-Fi,,",17,4,978160680,M,50,1,95350,40-50
Strangeland (1998),2298,"Thriller,,",355,1,977033412,M,18,3,55107,10-20
Stranger Than Paradise (1984),3925,"Comedy,,",108,2,977528015,M,25,12,30316,20-30
Stranger in the House (1997),1718,"Thriller,,",1470,1,974836640,M,18,4,94118,10-20
"Stranger, The (1994)",1434,"Action,",5059,4,962484364,M,45,16,22652,40-50
Strangers on a Train (1951),2186,"Film-Noir|Thriller,,",27,5,978129223,M,25,11,19130,20-30
Strawberry and Chocolate (Fresa y chocolate) (1993),321,"Drama,,",5,3,978245863,M,25,20,55455,20-30
Street Fighter (1994),393,"Action,,",8,2,978229138,M,25,12,11413,20-30
"Streetcar Named Desire, A (1951)",1104,"Drama,",10,4,978227263,F,35,1,95370,30-40
Strictly Ballroom (1992),1188,"Comedy|Romance,,",2,4,978299620,M,56,16,70072,50-60
"Strike! (a.k.a. All I Wanna Do, The Hairy Bird) (1998)",2172,"Comedy,",1088,3,1025249901,F,1,10,98103,1-10
Striking Distance (1993),544,"Action,,",123,3,979400002,M,35,9,67208,30-40
Stripes (1981),1663,"Comedy,,",24,4,978132083,F,25,7,10023,20-30
Striptease (1996),762,"Comedy|Crime,,",15,3,978212352,M,25,7,22903,20-30
Stuart Little (1999),3157,"Children's|Comedy,,",39,2,978044354,M,18,4,61820,10-20
Stuart Saves His Family (1995),312,"Comedy,,",22,2,978154091,M,18,15,53706,10-20
"Stupids, The (1996)",747,"Comedy,",194,1,977014786,F,1,10,29146,1-10
SubUrbia (1997),1454,"Comedy,,",136,2,977423086,M,18,2,21202,10-20
"Substance of Fire, The (1996)",1384,"Drama,",327,4,976398815,M,35,18,55448,30-40
"Substitute, The (1996)",694,"Action,",26,3,978146288,M,25,7,23112,20-30
"Suburbans, The (1999)",3001,"Drama,",123,2,977527675,M,35,9,67208,30-40
Sudden Death (1995),9,"Action,,",65,5,986615324,M,35,12,55803,30-40
Sudden Manhattan (1996),1558,"Comedy,,",587,1,976208238,M,25,20,92649,20-30
"Suddenly, Last Summer (1959)",3872,"Drama,",102,3,977574023,M,35,19,20871,30-40
Sugar Town (1999),2865,"Comedy,,",201,3,978395629,F,35,2,55117,30-40
"Sugarland Express, The (1974)",3738,"Drama,",62,3,977968886,F,35,3,98105,30-40
Suicide Kings (1997),1799,"Crime|Drama,,",22,4,980065971,M,18,15,53706,10-20
Sullivan's Travels (1942),2936,"Comedy,,",31,3,978120364,M,56,7,06840,50-60
"Sum of Us, The (1994)",324,"Comedy,",117,2,977498383,M,25,17,33314,20-30
Summer of Sam (1999),2702,"Drama,,",8,3,978230943,M,25,12,11413,20-30
"Sunchaser, The (1996)",1062,"Drama,",191,2,977026554,M,18,4,04915,10-20
Sunset Blvd. (a.k.a. Sunset Boulevard) (1950),922,"Film-Noir,,",27,4,978129176,M,25,11,19130,20-30
Sunset Park (1996),706,"Drama,,",1778,4,1032515716,M,18,4,94704,10-20
Sunset Strip (2000),3866,"Comedy,,",629,1,975783394,F,1,10,48154,1-10
Sunshine (1999),3720,"Drama,,",127,3,995204926,F,45,3,01770,40-50
Super Mario Bros. (1993),546,"Action|Adventure|Children's|Sci-Fi,,",18,2,978154104,F,18,3,95825,10-20
Supercop (1992),861,"Action|Thriller,,",7,4,978234874,M,35,1,06810,30-40
Supergirl (1984),3877,"Action|Adventure|Fantasy,,",18,1,978154123,F,18,3,95825,10-20
Superman (1978),2640,"Action|Adventure|Sci-Fi,,",10,5,979168210,F,35,1,95370,30-40
Superman II (1980),2641,"Action|Adventure|Sci-Fi,,",13,3,978202563,M,45,1,93304,40-50
Superman III (1983),2642,"Action|Adventure|Sci-Fi,,",23,1,993706986,M,35,0,90049,30-40
Superman IV: The Quest for Peace (1987),2643,"Action|Adventure|Sci-Fi,,",16,3,978174188,F,35,0,20670,30-40
Supernova (2000),3190,"Adventure|Sci-Fi,,",61,1,977903456,M,25,17,95122,20-30
Superstar (1999),2907,"Comedy,,",11,2,978904916,F,25,1,04093,20-30
"Superweib, Das (1996)",651,"Comedy,",1470,2,974839413,M,18,4,94118,10-20
Surf Nazis Must Die (1987),2164,"Drama,,",549,2,976122899,M,25,6,53217,20-30
Surviving Picasso (1996),1044,"Drama,,",175,5,977113057,F,25,2,95123,20-30
Surviving the Game (1994),547,"Action|Adventure|Thriller,,",192,1,977029610,M,18,1,10977,10-20
Suspicion (1941),2206,"Mystery|Thriller,,",33,4,978109468,M,45,3,55421,40-50
Suture (1993),320,"Film-Noir|Thriller,,",149,4,977361229,M,25,1,29205,20-30
Swamp Thing (1982),2668,"Horror|Sci-Fi,,",17,2,978160933,M,50,1,95350,40-50
"Swan Princess, The (1994)",313,"Animation|Children's,",18,4,978154962,F,18,3,95825,10-20
"Sweet Hereafter, The (1997)",1719,"Drama,",5,3,978244205,M,25,20,55455,20-30
Sweet Nothing (1995),884,"Drama,,",1484,3,997908076,M,25,12,07054,20-30
Sweet and Lowdown (1999),3129,"Comedy|Drama,,",11,4,978903701,F,25,1,04093,20-30
Swept Away (Travolti da un insolito destino nell'azzurro mare d'Agosto) (1975),2239,"Comedy|Drama,,",35,4,978100440,M,45,1,02482,40-50
Swept from the Sea (1997),1656,"Romance,,",468,4,976225471,F,1,10,55082,1-10
Swimming with Sharks (1995),322,"Comedy|Drama,,",53,5,977984231,M,25,0,96931,20-30
Swing Kids (1993),2106,"Drama|War,,",11,3,978902560,F,25,1,04093,20-30
Swingers (1996),1060,"Comedy|Drama,,",9,4,978226261,M,25,17,61614,20-30
Swiss Family Robinson (1960),1017,"Adventure|Children's,,",33,3,978983314,M,45,3,55421,40-50
Switchback (1997),1661,"Thriller,,",107,3,977533949,M,45,18,63129,40-50
Switchblade Sisters (1975),716,"Crime,,",509,3,976298162,M,25,2,55125,20-30
"Sword in the Stone, The (1963)",1025,"Animation|Children's,",10,4,978228074,F,35,1,95370,30-40
Synthetic Pleasures (1995),1039,"Documentary,,",327,4,976397578,M,35,18,55448,30-40
T-Men (1947),1154,"Film-Noir,,",889,4,975253865,M,45,20,10024,40-50
Taffin (1988),3523,"Action|Thriller,,",780,2,975543879,M,25,17,91776,20-30
Tainted (1998),1764,"Comedy|Thriller,,",1470,3,974838787,M,18,4,94118,10-20
Take the Money and Run (1969),1963,"Comedy,,",36,5,978063581,M,25,3,94123,20-30
"Taking of Pelham One Two Three, The (1974)",3384,"Action,",87,1,977694723,M,25,14,48360,20-30
"Talented Mr. Ripley, The (1999)",3176,"Drama|Mystery|Thriller,",5,2,978243085,M,25,20,55455,20-30
Tales From the Crypt Presents: Demon Knight (1995),328,"Horror,,",117,3,977504514,M,25,17,33314,20-30
Tales from the Crypt Presents: Bordello of Blood (1996),842,"Horror,,",19,2,978555404,M,1,10,48073,1-10
Tales from the Darkside: The Movie (1990),2327,"Horror,,",117,1,977505013,M,25,17,33314,20-30
Tales from the Hood (1995),330,"Comedy|Horror,,",19,4,978555441,M,1,10,48073,1-10
Tales of Terror (1962),2785,"Horror,,",211,3,976907841,M,45,17,90620,40-50
Talk of Angels (1998),887,"Drama,,",1164,1,1021670695,F,25,19,90020,20-30
Talking About Sex (1994),1133,"Comedy|Drama,,",438,3,976257194,M,18,11,53705,10-20
Tall Tale (1994),2103,"Adventure|Children's,,",19,2,978555881,M,1,10,48073,1-10
"Taming of the Shrew, The (1967)",3028,"Comedy,",31,5,978121634,M,56,7,06840,50-60
Tampopo (1986),3819,"Comedy,,",131,4,1008575905,M,18,4,06520,10-20
Tango (1998),2573,"Drama,,",18,4,978157068,F,18,3,95825,10-20
"Tango Lesson, The (1997)",1669,"Romance,",9,3,978226150,M,25,17,61614,20-30
Tank Girl (1995),327,"Action|Comedy|Musical|Sci-Fi,,",18,3,978153894,F,18,3,95825,10-20
"Tao of Steve, The (2000)",3852,"Comedy,",35,4,978103394,M,45,1,02482,40-50
Tarantella (1995),672,"Drama,,",1069,2,974945315,M,25,20,98105,20-30
Tarantula (1955),2656,"Horror|Sci-Fi,,",165,4,977199385,M,18,16,98502,10-20
Target (1995),139,"Action|Drama,,",2264,4,974580501,F,45,7,37877,40-50
Tarzan (1999),2687,"Animation|Children's,,",1,3,978824268,F,1,10,48067,1-10
Tarzan and the Lost City (1998),1867,"Action|Adventure,,",195,3,998764283,M,25,12,10458,20-30
Tarzan the Fearless (1933),3139,"Action|Adventure,,",245,3,976738022,M,35,16,66046,30-40
Tashunga (1995),1118,"Adventure|Western,,",1470,2,974839413,M,18,4,94118,10-20
Taste of Cherry (1997),1859,"Drama,,",131,3,977895268,M,18,4,06520,10-20
Taxi Driver (1976),111,"Drama|Thriller,,",8,5,978228832,M,25,12,11413,20-30
Tea with Mussolini (1999),2436,"Comedy,,",10,5,978229227,F,35,1,95370,30-40
Teaching Mrs. Tingle (1999),2806,"Comedy|Thriller,,",5,2,978243085,M,25,20,55455,20-30
Teenage Mutant Ninja Turtles (1990),3438,"Action|Children's|Fantasy,,",10,3,979168346,F,35,1,95370,30-40
Teenage Mutant Ninja Turtles II: The Secret of the Ooze (1991),3439,"Action|Children's|Fantasy,,",10,2,978229894,F,35,1,95370,30-40
Teenage Mutant Ninja Turtles III (1993),3440,"Action|Children's|Fantasy,,",18,1,978153811,F,18,3,95825,10-20
Telling Lies in America (1997),1651,"Drama,,",331,4,978884729,M,25,7,55902,20-30
Telling You (1998),2556,"Comedy|Drama|Romance,,",869,3,975280800,M,18,20,92026,10-20
Temptress Moon (Feng Yue) (1996),1514,"Romance,,",752,3,992276463,F,25,3,97401,20-30
Ten Benny (1997),3065,"Drama,,",3507,4,967154075,M,25,0,02472,20-30
Tender Mercies (1983),2070,"Drama,,",5,2,978243121,M,25,20,55455,20-30
Tequila Sunrise (1988),2802,"Action|Romance|Thriller,,",6,4,978236612,F,50,9,55117,40-50
Terminal Velocity (1994),548,"Action,,",134,1,978038835,M,25,0,66212,20-30
Terminator 2: Judgment Day (1991),589,"Action|Sci-Fi|Thriller,,",2,4,978299773,M,56,16,70072,50-60
"Terminator, The (1984)",1240,"Action|Sci-Fi|Thriller,",4,5,978294260,M,45,7,02460,40-50
Terms of Endearment (1983),1958,"Comedy|Drama,,",23,4,993706513,M,35,0,90049,30-40
Terror in a Texas Town (1958),1386,"Western,,",1470,1,974836379,M,18,4,94118,10-20
"Terrorist, The (Malli) (1998)",3192,"Drama,",149,3,996939424,M,25,1,29205,20-30
Tetsuo II: Body Hammer (1992),1570,"Sci-Fi,,",563,1,976046281,M,25,4,53703,20-30
Tex (1982),2104,"Drama,,",117,1,977496516,M,25,17,33314,20-30
"Texas Chainsaw Massacre 2, The (1986)",2460,"Horror,",44,1,978041318,M,45,17,98052,40-50
"Texas Chainsaw Massacre, The (1974)",2459,"Horror,",26,1,978273082,M,25,7,23112,20-30
That Darn Cat! (1965),1018,"Children's|Comedy|Mystery,,",45,3,977991664,F,45,16,94110,40-50
That Darn Cat! (1997),1460,"Children's|Comedy|Mystery,,",75,4,978749442,F,1,10,01748,1-10
That Old Feeling (1997),1463,"Comedy|Romance,,",26,2,978145597,M,25,7,23112,20-30
That Thing You Do! (1996),1042,"Comedy,,",10,5,978228601,F,35,1,95370,30-40
That's Life! (1986),3465,"Drama,,",123,2,977591284,M,35,9,67208,30-40
Thelma & Louise (1991),3418,"Action|Drama,,",2,4,978299809,M,56,16,70072,50-60
Them! (1954),2287,"Sci-Fi|Thriller|War,,",17,4,978160680,M,50,1,95350,40-50
Theodore Rex (1995),634,"Comedy,,",75,3,977850585,F,1,10,01748,1-10
"Theory of Flight, The (1998)",2426,"Comedy|Drama|Romance,",45,4,977989068,F,45,16,94110,40-50
There's Something About Mary (1998),1923,"Comedy,,",5,3,978245314,M,25,20,55455,20-30
They Made Me a Criminal (1939),962,"Crime|Drama,,",1088,4,1015016966,F,1,10,98103,1-10
They Might Be Giants (1971),3284,"Comedy|Romance,,",45,5,977988138,F,45,16,94110,40-50
"They Shoot Horses, Don't They? (1969)",3011,"Drama,",44,2,978019035,M,45,17,98052,40-50
"Thieves (Voleurs, Les) (1996)",1415,"Crime|Drama|Romance,",126,5,977445203,M,18,9,98117,10-20
"Thin Blue Line, The (1988)",1189,"Documentary,",23,3,978463137,M,35,0,90049,30-40
"Thin Line Between Love and Hate, A (1996)",626,"Comedy,",407,1,976288806,M,18,17,89503,10-20
"Thin Man, The (1934)",950,"Mystery,",53,5,977978671,M,25,0,96931,20-30
"Thin Red Line, The (1998)",2427,"Action|Drama|War,",2,2,978299913,M,56,16,70072,50-60
"Thing From Another World, The (1951)",2660,"Sci-Fi,",17,4,978160437,M,50,1,95350,40-50
"Thing, The (1982)",2288,"Action|Horror|Sci-Fi|Thriller,",17,4,978160616,M,50,1,95350,40-50
Things Change (1988),3613,"Comedy,,",62,4,977928661,F,35,3,98105,30-40
Things to Do in Denver when You're Dead (1995),81,"Crime|Drama|Romance,,",22,4,978153669,M,18,15,53706,10-20
Thinner (1996),742,"Horror|Thriller,,",121,3,977458632,M,35,7,75229,30-40
"Third Man, The (1949)",1212,"Mystery|Thriller,",23,3,978465666,M,35,0,90049,30-40
"Third Miracle, The (1999)",3183,"Drama,",331,4,1000153631,M,25,7,55902,20-30
"Thirteenth Floor, The (1999)",2672,"Drama|Sci-Fi|Thriller,",63,3,977900864,M,18,4,54902,10-20
Thirty-Two Short Films About Glenn Gould (1993),549,"Documentary,,",136,4,977422146,M,18,2,21202,10-20
This Is My Father (1998),2620,"Drama|Romance,,",331,4,978884570,M,25,7,55902,20-30
This Is Spinal Tap (1984),1288,"Comedy|Drama|Musical,,",11,4,978903107,F,25,1,04093,20-30
"This World, Then the Fireworks (1996)",2008,"Crime|Drama|Film-Noir,",235,2,977102055,M,25,0,98153,20-30
"Thomas Crown Affair, The (1968)",2764,"Crime|Drama|Thriller,",15,3,978212254,M,25,7,22903,20-30
"Thomas Crown Affair, The (1999)",2763,"Action|Thriller,",15,3,978196866,M,25,7,22903,20-30
Thomas and the Magic Railroad (2000),3820,"Children's,,",57,1,977935850,M,18,19,30350,10-20
Those Who Love Me Can Take the Train (Ceux qui m'aiment prendront le train) (1998),3636,"Drama,,",1069,5,974945239,M,25,20,98105,20-30
"Thousand Acres, A (1997)",1624,"Drama,",17,3,978159642,M,50,1,95350,40-50
"Three Ages, The (1923)",3140,"Comedy,",624,4,1012023706,M,25,1,75207,20-30
Three Amigos! (1986),2478,"Comedy|Western,,",22,3,978153283,M,18,15,53706,10-20
"Three Caballeros, The (1945)",1024,"Animation|Children's|Musical,",78,4,977811982,F,45,1,98029,40-50
Three Colors: Blue (1993),307,"Drama,,",53,5,977984471,M,25,0,96931,20-30
Three Colors: Red (1994),306,"Drama,,",131,4,977454092,M,18,4,06520,10-20
Three Colors: White (1994),308,"Drama,,",149,3,977325623,M,25,1,29205,20-30
Three Days of the Condor (1975),2819,"Thriller,,",62,4,977968708,F,35,3,98105,30-40
Three Kings (1999),2890,"Drama|War,,",5,4,978245445,M,25,20,55455,20-30
"Three Musketeers, The (1993)",552,"Action|Adventure|Comedy,",3,4,978297837,M,25,15,55117,20-30
Three Seasons (1999),2610,"Drama,,",187,5,977076914,F,45,1,94061,40-50
Three Wishes (1995),201,"Drama,,",167,3,977178338,F,25,11,10022,20-30
Three to Tango (1999),2978,"Comedy|Romance,,",92,3,977646817,F,18,4,44243,10-20
Threesome (1994),550,"Comedy|Romance,,",26,3,978271900,M,25,7,23112,20-30
Thumbelina (1994),2876,"Animation|Children's,,",92,2,986187347,F,18,4,44243,10-20
Thunderball (1965),2993,"Action,,",18,5,978153192,F,18,3,95825,10-20
Thunderbolt and Lightfoot (1974),3769,"Action,,",29,3,978136098,M,35,7,33407,30-40
"Tic Code, The (1998)",3853,"Drama,",146,5,1042049573,F,35,20,10954,30-40
Tie Me Up! Tie Me Down! (1990),1190,"Drama,,",53,5,977986365,M,25,0,96931,20-30
"Tie That Binds, The (1995)",200,"Thriller,",531,1,994109678,F,18,14,22206,10-20
Tigerland (2000),3950,"Drama,,",151,3,998696892,F,25,20,85013,20-30
"Tigger Movie, The (2000)",3287,"Animation|Children's,",26,2,978140681,M,25,7,23112,20-30
Tigrero: A Film That Was Never Made (1994),682,"Documentary|Drama,,",1069,4,974944965,M,25,20,98105,20-30
Time Bandits (1981),2968,"Adventure|Fantasy|Sci-Fi,,",10,4,979168160,F,35,1,95370,30-40
Time Code (2000),3571,"Drama,,",53,5,977984903,M,25,0,96931,20-30
Time Masters (Les Maîtres du Temps) (1982),3592,"Animation|Sci-Fi,,",165,3,977198784,M,18,16,98502,10-20
Time Regained (Le Temps Retrouvé) (1999),3749,"Drama,,",151,2,993119955,F,25,20,85013,20-30
Time Tracers (1995),1720,"Action|Adventure|Sci-Fi,,",445,2,976240513,M,45,12,55117,40-50
Time of the Gypsies (Dom za vesanje) (1989),2931,"Drama,,",454,5,976234090,M,25,20,55092,20-30
"Time to Kill, A (1996)",805,"Drama,",9,3,978226564,M,25,17,61614,20-30
Timecop (1994),379,"Action|Sci-Fi,,",42,4,978039741,M,25,8,24502,20-30
Tin Cup (1996),852,"Comedy|Romance,,",26,4,978139520,M,25,7,23112,20-30
"Tin Drum, The (Blechtrommel, Die) (1979)",1161,Drama,62,5,977969029,F,35,3,98105,30-40
Tin Men (1987),1395,"Comedy|Drama,,",36,3,978063974,M,25,3,94123,20-30
"Tingler, The (1959)",2781,"Horror,",53,3,977980147,M,25,0,96931,20-30
Tinseltown (1998),2484,"Comedy,,",1470,2,974837096,M,18,4,94118,10-20
Titan A.E. (2000),3745,"Adventure|Animation|Sci-Fi,,",13,3,978201368,M,45,1,93304,40-50
Titanic (1953),3404,"Action|Drama,,",48,5,978066336,M,25,4,92107,20-30
Titanic (1997),1721,"Drama|Romance,,",1,4,978300055,F,1,10,48067,1-10
Titus (1999),3181,"Drama,,",195,5,979834124,M,25,12,10458,20-30
To Be or Not to Be (1942),946,"Comedy|Drama|War,,",31,3,978121608,M,56,7,06840,50-60
To Catch a Thief (1955),933,"Comedy|Romance|Thriller,,",31,5,978121516,M,56,7,06840,50-60
To Die For (1995),45,"Comedy|Drama,,",23,4,978465504,M,35,0,90049,30-40
To Gillian on Her 37th Birthday (1996),1043,"Drama|Romance,,",6,4,978236219,F,50,9,55117,40-50
"To Have, or Not (1995)",1555,"Drama,",3292,4,971021586,F,50,6,79410,40-50
To Kill a Mockingbird (1962),1207,"Drama,,",1,4,978300719,F,1,10,48067,1-10
To Live (Huozhe) (1994),326,"Drama,,",53,5,977984124,M,25,0,96931,20-30
To Sir with Love (1967),3296,"Drama,,",10,4,978226103,F,35,1,95370,30-40
"To Wong Foo, Thanks for Everything! Julie Newmar (1995)",203,"Comedy,",10,4,978230426,F,35,1,95370,30-40
Tokyo Fist (1995),1773,"Action|Drama,,",352,1,976332080,M,18,4,60115,10-20
Tom & Viv (1994),331,"Drama,,",319,2,976421239,F,50,6,33436,40-50
Tom Jones (1963),1948,"Comedy,,",10,4,978224400,F,35,1,95370,30-40
Tom and Huck (1995),8,"Adventure|Children's,,",73,2,977866389,M,18,4,53706,10-20
"Tomb of Ligeia, The (1965)",2783,"Horror,",1941,2,974850476,M,35,17,94550,30-40
Tombstone (1993),553,"Western,,",15,4,978198649,M,25,7,22903,20-30
Tommy (1975),2877,"Drama|Musical,,",102,2,1043799175,M,35,19,20871,30-40
Tommy Boy (1995),333,"Comedy,,",10,3,978228911,F,35,1,95370,30-40
Tomorrow Never Dies (1997),1722,"Action|Romance|Thriller,,",5,2,978246108,M,25,20,55455,20-30
Top Gun (1986),1101,"Action|Romance,,",6,4,978236670,F,50,9,55117,40-50
Top Hat (1935),945,"Comedy|Musical|Romance,,",35,4,978101958,M,45,1,02482,40-50
Topaz (1969),2179,"Thriller,,",411,3,978451524,F,45,1,43214,40-50
Topsy-Turvy (1999),3163,"Drama,,",5,5,978244852,M,25,20,55455,20-30
Tora! Tora! Tora! (1970),3066,"War,,",10,2,978226866,F,35,1,95370,30-40
Torn Curtain (1966),2180,"Thriller,,",173,4,989604175,M,25,0,45237,20-30
Torso (Corpi Presentano Tracce di Violenza Carnale) (1973),3493,"Horror,,",1470,1,974836920,M,18,4,94118,10-20
Total Eclipse (1995),202,"Drama|Romance,,",5,2,978246033,M,25,20,55455,20-30
Total Recall (1990),2916,"Action|Adventure|Sci-Fi|Thriller,,",2,3,978299809,M,56,16,70072,50-60
Touch (1997),1458,"Romance,,",660,3,976807855,M,45,16,70507,40-50
Touch of Evil (1958),1248,"Crime|Film-Noir|Thriller,,",23,2,978462452,M,35,0,90049,30-40
Tough Guys (1986),2472,"Comedy,,",62,4,977928987,F,35,3,98105,30-40
Tough and Deadly (1995),591,"Action|Drama|Thriller,,",5227,3,961475931,M,18,10,64050,10-20
"Towering Inferno, The (1974)",2524,"Action|Drama,",40,2,978039263,M,45,0,10543,40-50
"Toxic Avenger Part III: The Last Temptation of Toxie, The (1989)",3695,"Comedy|Horror,",216,2,976866614,M,45,13,52761,40-50
"Toxic Avenger, Part II, The (1989)",3694,Comedy|Horror,57,4,977936062,M,18,19,30350,10-20
"Toxic Avenger, The (1985)",3693,"Comedy|Horror,",33,1,978983108,M,45,3,55421,40-50
Toy Story (1995),1,"Animation|Children's|Comedy,,",1,5,978824268,F,1,10,48067,1-10
Toy Story 2 (1999),3114,"Animation|Children's|Comedy,,",1,4,978302174,F,1,10,48067,1-10
Toys (1992),2253,"Action|Comedy|Fantasy,,",18,1,978153936,F,18,3,95825,10-20
Trading Places (1983),3039,"Comedy,,",10,4,978228053,F,35,1,95370,30-40
Train of Life (Train De Vie) (1998),3003,"Comedy|Drama,,",1139,5,980573445,M,25,1,93420-2852,20-30
Trainspotting (1996),778,"Drama,,",9,5,978226248,M,25,17,61614,20-30
Trans (1998),3187,"Drama,,",225,4,976830931,M,25,7,11215,20-30
"Transformers: The Movie, The (1986)",1205,"Action|Animation|Children's|Sci-Fi|Thriller|War,",22,4,978136836,M,18,15,53706,10-20
Traveller (1997),1508,"Drama,,",235,4,1018412253,M,25,0,98153,20-30
"Treasure of the Sierra Madre, The (1948)",1254,"Adventure,",10,3,978226254,F,35,1,95370,30-40
Trees Lounge (1996),1051,"Drama,,",53,2,977985081,M,25,0,96931,20-30
Trekkies (1997),2693,"Documentary,,",10,5,980638633,F,35,1,95370,30-40
Trial and Error (1997),1550,"Comedy|Romance,,",199,4,976978633,M,18,4,83706,10-20
Trial by Jury (1994),554,"Thriller,,",660,1,976807009,M,45,16,70507,40-50
"Trial, The (Le Procès) (1963)",3416,"Drama,",131,4,977640344,M,18,4,06520,10-20
Trick (1999),2721,"Romance,,",5,3,978243121,M,25,20,55455,20-30
Trick or Treat (1986),2464,"Horror,,",305,2,976498099,F,18,0,55414,10-20
"Trigger Effect, The (1996)",882,"Drama|Thriller,",284,2,976575262,M,25,12,91910,20-30
"Trip to Bountiful, The (1985)",2069,"Drama,",62,5,977908840,F,35,3,98105,30-40
Trippin' (1999),2623,"Comedy,,",3790,4,966019247,F,25,17,94618,20-30
Trixie (1999),3721,"Comedy,,",424,3,1044998327,M,25,17,55112,20-30
Trois (2000),3291,"Thriller,,",549,2,1029337483,M,25,6,53217,20-30
Tron (1982),2105,"Action|Adventure|Fantasy|Sci-Fi,,",10,5,979168309,F,35,1,95370,30-40
Trouble in Paradise (1932),3739,"Comedy|Romance,,",408,5,976294312,M,25,11,02143,20-30
"Trouble with Harry, The (1955)",2184,"Mystery|Thriller,",58,4,977938362,M,25,2,30303,20-30
"Truce, The (1996)",1868,"Drama|War,",5077,3,962417299,M,25,2,20037,20-30
True Crime (1995),695,"Mystery|Thriller,,",58,4,977940916,M,25,2,30303,20-30
True Crime (1999),2561,"Crime|Thriller,,",127,4,988496439,F,45,3,01770,40-50
True Grit (1969),3494,"Adventure|Western,,",13,2,978202393,M,45,1,93304,40-50
True Lies (1994),380,"Action|Adventure|Comedy|Romance,,",2,5,978299809,M,56,16,70072,50-60
True Romance (1993),555,"Action|Crime|Romance,,",8,4,978229204,M,25,12,11413,20-30
"Truman Show, The (1998)",1682,"Drama,",8,4,978230852,M,25,12,11413,20-30
Trust (1990),1236,"Comedy|Drama,,",151,5,993119340,F,25,20,85013,20-30
"Truth About Cats & Dogs, The (1996)",708,"Comedy|Romance,",11,1,978902586,F,25,1,04093,20-30
"Truth or Consequences, N.M. (1997)",1523,"Action|Crime|Romance,",212,4,976903964,M,25,16,53714,20-30
Tumbleweeds (1999),3118,"Drama,,",86,3,978814020,F,1,10,54467,1-10
Turbo: A Power Rangers Movie (1997),1495,"Action|Adventure|Children's,,",75,1,978749521,F,1,10,01748,1-10
Turbulence (1997),1427,"Thriller,,",212,4,976904001,M,25,16,53714,20-30
Turn It Up (2000),3891,"Crime|Drama,,",629,2,975783394,F,1,10,48154,1-10
Turtle Diary (1985),3402,"Drama,,",850,4,975351799,M,35,0,60640,30-40
Twelfth Night (1996),892,"Comedy|Drama|Romance,,",118,4,977502551,M,35,17,22315,30-40
"Twelve Chairs, The (1970)",3622,"Comedy,",216,5,976862988,M,45,13,52761,40-50
Twelve Monkeys (1995),32,"Drama|Sci-Fi,,",5,4,978244962,M,25,20,55455,20-30
Twice Upon a Yesterday (1998),2675,"Comedy|Drama|Romance,,",731,4,975528402,M,45,3,55410,40-50
Twilight (1998),1791,"Crime|Drama,,",331,3,979854939,M,25,7,55902,20-30
Twin Dragons (Shuang long hui) (1992),2582,"Action|Comedy,,",90,5,993876167,M,56,13,85749,50-60
Twin Falls Idaho (1999),2725,"Drama,,",5,2,978246162,M,25,20,55455,20-30
Twin Peaks: Fire Walk with Me (1992),3262,"Drama|Mystery,,",166,5,977299254,M,18,4,92802,10-20
Twin Town (1997),1539,"Comedy|Crime,,",151,5,992133840,F,25,20,85013,20-30
Twister (1996),736,"Action|Adventure|Romance|Thriller,,",2,4,978300100,M,56,16,70072,50-60
Two Bits (1995),67,"Drama,,",195,4,1006577320,M,25,12,10458,20-30
Two Family House (2000),3951,"Drama,,",173,5,979251946,M,25,0,45237,20-30
Two Girls and a Guy (1997),1816,"Comedy|Drama,,",53,3,977986392,M,25,0,96931,20-30
"Two Jakes, The (1990)",3141,"Drama,",90,4,993875748,M,56,13,85749,50-60
Two Moon Juction (1988),3577,"Drama,,",235,2,977099858,M,25,0,98153,20-30
Two Much (1996),618,"Comedy|Romance,,",1088,3,1019534990,F,1,10,98103,1-10
Two Thousand Maniacs! (1964),3351,"Horror,,",278,4,976587078,M,45,18,60482,40-50
Two Women (La Ciociara) (1961),3808,"Drama|War,,",59,4,977934038,F,50,1,55413,40-50
Two if by Sea (1996),64,"Comedy|Romance,,",26,2,978141204,M,25,7,23112,20-30
Two or Three Things I Know About Her (1966),1164,"Drama,,",302,1,976508660,M,18,4,04901,10-20
U Turn (1997),1627,"Action|Crime|Mystery,,",53,3,977979325,M,25,0,96931,20-30
U-571 (2000),3555,"Action|Thriller,,",42,4,978041017,M,25,8,24502,20-30
U.S. Marshalls (1998),1792,"Action|Thriller,,",2,3,978299941,M,56,16,70072,50-60
U2: Rattle and Hum (1988),3142,"Documentary|Musical,,",36,4,1015905144,M,25,3,94123,20-30
"Ugly, The (1997)",1891,"Horror|Thriller,",195,4,1014961159,M,25,12,10458,20-30
Ulee's Gold (1997),1633,"Drama,,",10,4,978229266,F,35,1,95370,30-40
Ulysses (Ulisse) (1954),3172,"Adventure,,",3485,5,967060437,M,25,0,94121,20-30
"Umbrellas of Cherbourg, The (Parapluies de Cherbourg, Les) (1964)",199,Drama|Musical,6,5,978237570,F,50,9,55117,40-50
"Unbearable Lightness of Being, The (1988)",1295,"Drama,",33,2,978985608,M,45,3,55421,40-50
Under Capricorn (1949),2200,"Drama,,",661,3,975681715,M,45,1,13114,40-50
Under Siege (1992),1385,"Action,,",2,3,978299966,M,56,16,70072,50-60
Under Siege 2: Dark Territory (1995),204,"Action,,",93,2,977632965,M,25,17,95825,20-30
Under Suspicion (2000),3906,"Crime,,",149,2,983123774,M,25,1,29205,20-30
Under the Rainbow (1981),3048,"Comedy,,",216,3,976865475,M,45,13,52761,40-50
Underground (1995),665,"War,,",131,3,977444940,M,18,4,06520,10-20
"Underneath, The (1995)",335,"Mystery|Thriller,",331,3,1000328007,M,25,7,55902,20-30
Underworld (1997),1430,"Thriller,,",3391,1,970074286,M,18,4,48135,10-20
Unforgettable (1996),103,"Thriller,,",524,3,976172464,M,18,0,91320,10-20
Unforgiven (1992),1266,"Western,,",3,5,978297396,M,25,15,55117,20-30
Unhook the Stars (1996),1038,"Drama,,",1015,2,979454487,M,35,3,11220,30-40
"Uninvited Guest, An (2000)",3904,"Drama,",1339,1,974775198,M,35,18,85275,30-40
Universal Soldier (1992),2808,"Action|Sci-Fi,,",23,3,978464728,M,35,0,90049,30-40
Universal Soldier: The Return (1999),2807,"Action|Sci-Fi,,",18,1,978153701,F,18,3,95825,10-20
Unstrung Heroes (1995),205,"Comedy|Drama,,",45,2,977990879,F,45,16,94110,40-50
Until the End of the World (Bis ans Ende der Welt) (1991),1306,"Drama|Sci-Fi,,",23,5,978464598,M,35,0,90049,30-40
"Untouchables, The (1987)",2194,"Action|Crime|Drama,",2,4,978299297,M,56,16,70072,50-60
Unzipped (1995),206,"Documentary,,",139,5,977360639,F,25,20,45409,20-30
Up Close and Personal (1996),140,"Drama|Romance,,",45,4,977989068,F,45,16,94110,40-50
Up at the Villa (2000),3580,"Drama,,",102,1,1039272691,M,35,19,20871,30-40
Up in Smoke (1978),1194,"Comedy,,",147,2,977336330,M,18,4,91360,10-20
Urban Legend (1998),2279,"Horror|Thriller,,",90,3,993877095,M,56,13,85749,50-60
Urban Legends: Final Cut (2000),3908,"Horror,,",61,1,977903456,M,25,17,95122,20-30
Urbania (2000),3903,"Drama,,",149,5,977325077,M,25,1,29205,20-30
"Usual Suspects, The (1995)",50,"Crime|Thriller,",5,5,978244205,M,25,20,55455,20-30
Vacation (1983),2795,"Comedy,,",10,3,979168510,F,35,1,95370,30-40
Vagabond (Sans toit ni loi) (1985),3637,"Drama,,",390,5,976313529,M,25,4,55405,20-30
Vampire in Brooklyn (1995),93,"Comedy|Romance,,",52,1,977946593,M,18,4,72212,10-20
Vampires (1998),2328,"Horror,,",53,3,977980687,M,25,0,96931,20-30
Vampyros Lesbos (Las Vampiras) (1970),3216,"Horror,,",1470,1,974838817,M,18,4,94118,10-20
"Van, The (1996)",1482,"Comedy|Drama,",187,4,977076834,F,45,1,94061,40-50
Vanya on 42nd Street (1994),334,"Drama,,",28,4,978125960,F,25,1,14607,20-30
Varsity Blues (1999),2447,"Comedy|Drama,,",26,5,978138630,M,25,7,23112,20-30
Vegas Vacation (1997),1461,"Comedy,,",11,1,978904682,F,25,1,04093,20-30
"Velocity of Gary, The (1998)",2715,"Comedy|Romance,",398,2,1044565786,M,25,17,55454,20-30
Velvet Goldmine (1998),2337,"Drama,,",5,5,978243121,M,25,20,55455,20-30
Venice/Venice (1992),895,"Drama,,",1069,1,974945280,M,25,20,98105,20-30
"Verdict, The (1982)",3068,"Drama,",2,4,978299000,M,56,16,70072,50-60
Vertigo (1958),903,"Mystery|Thriller,,",23,3,978465666,M,35,0,90049,30-40
Very Bad Things (1998),2387,"Comedy|Crime,,",15,2,978212312,M,25,7,22903,20-30
"Very Brady Sequel, A (1996)",818,"Comedy,",22,4,978154486,M,18,15,53706,10-20
"Very Natural Thing, A (1974)",796,"Drama,",1470,2,974836871,M,18,4,94118,10-20
"Very Thought of You, The (1998)",2834,"Comedy|Romance,",528,3,980038534,F,18,17,83843,10-20
Vibes (1988),2733,"Adventure|Comedy,,",335,2,976363269,M,35,18,55434,30-40
Victor/Victoria (1982),1081,"Comedy|Musical,,",35,3,978102065,M,45,1,02482,40-50
"Vie est belle, La (Life is Rosey) (1987)",771,"Comedy|Drama,",22,5,978134623,M,18,15,53706,10-20
"View to a Kill, A (1985)",2376,"Action,",19,4,978147165,M,1,10,48073,1-10
Village of the Damned (1960),2553,"Horror|Sci-Fi|Thriller,,",17,4,978160616,M,50,1,95350,40-50
Village of the Damned (1995),332,"Horror|Sci-Fi,,",117,1,977504514,M,25,17,33314,20-30
Violets Are Blue... (1986),2415,"Drama|Romance,,",45,1,977989481,F,45,16,94110,40-50
"Virgin Suicides, The (1999)",3556,"Comedy|Drama,",23,3,978459672,M,35,0,90049,30-40
Virtuosity (1995),338,"Sci-Fi|Thriller,,",148,3,977354311,M,50,17,57747,40-50
Virus (1999),2448,"Horror|Sci-Fi,,",73,2,977888728,M,18,4,53706,10-20
"Visitors, The (Les Visiteurs) (1993)",718,"Comedy|Sci-Fi,",53,5,977976093,M,25,0,96931,20-30
Volcano (1997),1515,"Drama|Thriller,,",105,2,977543627,M,45,12,90277,40-50
Volunteers (1985),3385,"Comedy,,",148,4,979576686,M,50,17,57747,40-50
Voyage of the Damned (1976),3215,"Drama,,",238,4,976766336,F,50,7,90291,40-50
Voyage to the Beginning of the World (1997),1915,"Drama,,",2440,4,974221429,M,50,17,01430,40-50
Voyage to the Bottom of the Sea (1961),3926,"Adventure|Sci-Fi,,",48,3,978148815,M,25,4,92107,20-30
Wag the Dog (1997),1747,"Comedy|Drama,,",5,2,978245663,M,25,20,55455,20-30
"Waiting Game, The (2000)",3321,"Comedy,",1470,2,976048643,M,18,4,94118,10-20
Waiting for Guffman (1996),1449,"Comedy,,",5,4,978244830,M,25,20,55455,20-30
Waiting to Exhale (1995),4,"Comedy|Drama,,",8,3,978232203,M,25,12,11413,20-30
Waking Ned Devine (1998),2359,"Comedy,,",2,3,978299666,M,56,16,70072,50-60
Waking the Dead (1999),3457,"Drama,,",17,3,978158845,M,50,1,95350,40-50
"Walk in the Clouds, A (1995)",207,"Drama|Romance,",26,5,978141306,M,25,7,23112,20-30
"Walk in the Sun, A (1945)",966,"Drama,",2016,4,974677589,F,56,2,20783,50-60
"Walk on the Moon, A (1999)",2570,"Drama|Romance,",146,5,977341388,F,35,20,10954,30-40
Walkabout (1971),1419,"Drama,,",35,4,978102974,M,45,1,02482,40-50
"Walking Dead, The (1995)",336,"Drama|War,",48,3,977975782,M,25,4,92107,20-30
Walking and Talking (1996),803,"Romance,,",35,3,978103877,M,45,1,02482,40-50
Wallace & Gromit: The Best of Aardman Animation (1996),720,"Animation,,",1,3,978300760,F,1,10,48067,1-10
Waltzes from Vienna (1933),2213,"Comedy|Musical,,",3610,1,974824749,M,18,6,30064,10-20
Wanted: Dead or Alive (1987),2756,"Action,,",678,4,989502856,M,25,0,34952,20-30
"War Room, The (1993)",556,"Documentary,",23,2,978463137,M,35,0,90049,30-40
"War Zone, The (1999)",3150,"Drama,",127,3,977438089,F,45,3,01770,40-50
"War at Home, The (1996)",1548,"Drama,",1340,2,976766917,M,25,7,14302,20-30
"War of the Worlds, The (1953)",2662,"Action|Sci-Fi|War,",10,4,978227529,F,35,1,95370,30-40
"War, The (1994)",340,"Adventure|Drama,",17,3,978160129,M,50,1,95350,40-50
Warriors of Virtue (1997),1525,"Action|Adventure|Children's|Fantasy,,",329,1,978201644,M,35,7,02115,30-40
Washington Square (1997),1650,"Drama,,",5,3,978245314,M,25,20,55455,20-30
"Watcher, The (2000)",3895,"Crime|Thriller,",92,1,986187009,F,18,4,44243,10-20
"Waterboy, The (1998)",2335,"Comedy,",11,3,978904795,F,25,1,04093,20-30
Watership Down (1978),2138,"Animation|Children's|Drama|Fantasy,,",10,3,978228848,F,35,1,95370,30-40
Waterworld (1995),208,"Action|Adventure,,",10,4,978230132,F,35,1,95370,30-40
"Way We Were, The (1973)",3194,"Drama,",10,4,978226349,F,35,1,95370,30-40
"Way of the Gun, The (2000)",3896,"Crime|Thriller,",22,2,991149493,M,18,15,53706,10-20
Wayne's World (1992),3253,"Comedy,,",9,4,978226165,M,25,17,61614,20-30
Wayne's World 2 (1993),3254,"Comedy,,",10,3,978230540,F,35,1,95370,30-40
We're Back! A Dinosaur's Story (1993),3400,"Animation|Children's,,",75,4,977851595,F,1,10,01748,1-10
We're No Angels (1989),2264,"Drama,,",53,2,977988596,M,25,0,96931,20-30
Wedding Bell Blues (1996),1561,"Comedy,,",752,3,991951687,F,25,3,97401,20-30
"Wedding Gift, The (1994)",571,"Drama,",53,5,977985234,M,25,0,96931,20-30
"Wedding Singer, The (1998)",1777,"Comedy|Romance,",9,4,978226291,M,25,17,61614,20-30
Weekend at Bernie's (1989),1091,"Comedy,,",10,3,978229753,F,35,1,95370,30-40
Weird Science (1985),2134,"Comedy,,",22,2,978153096,M,18,15,53706,10-20
Welcome To Sarajevo (1997),1670,"Drama|War,,",133,4,977505056,F,25,0,55071,20-30
Welcome to Woop-Woop (1997),1793,"Comedy,,",731,5,975530744,M,45,3,55410,40-50
Welcome to the Dollhouse (1995),562,"Comedy|Drama,,",5,4,978244603,M,25,20,55455,20-30
Wend Kuuni (God's Gift) (1982),774,"Drama,,",195,4,1000996574,M,25,12,10458,20-30
Went to Coney Island on a Mission From God... Be Back by Five (1998),3887,"Drama,,",1448,3,978973118,F,25,3,17522,20-30
Wes Craven's New Nightmare (1994),366,"Horror,,",46,5,977979194,M,18,19,75602,10-20
West Beirut (West Beyrouth) (1998),2839,"Drama,,",229,5,1046325855,M,18,10,04576,10-20
West Side Story (1961),1947,"Musical|Romance,,",6,5,978237767,F,50,9,55117,40-50
Westworld (1973),2527,"Action|Sci-Fi|Thriller|Western,,",17,4,978160680,M,50,1,95350,40-50
What About Bob? (1991),3809,"Comedy,,",2,3,978299712,M,56,16,70072,50-60
What Dreams May Come (1998),2297,"Drama|Romance,,",8,3,978231252,M,25,12,11413,20-30
What Ever Happened to Baby Jane? (1962),3546,"Drama|Thriller,,",33,4,978559204,M,45,3,55421,40-50
What Happened Was... (1994),496,"Comedy|Drama|Romance,,",17,3,978159989,M,50,1,95350,40-50
What Lies Beneath (2000),3798,"Thriller,,",15,4,978196866,M,25,7,22903,20-30
What Planet Are You From? (2000),3326,"Comedy|Sci-Fi,,",53,4,977977522,M,25,0,96931,20-30
What's Eating Gilbert Grape (1993),337,"Drama,,",8,5,978230248,M,25,12,11413,20-30
What's Love Got to Do with It? (1993),477,"Drama,,",90,3,993873108,M,56,13,85749,50-60
Whatever (1998),1922,"Drama,,",30,3,978121871,F,35,7,19143,30-40
Whatever Happened to Aunt Alice? (1969),3850,"Crime|Thriller,,",850,5,975361750,M,35,0,60640,30-40
Whatever It Takes (2000),3454,"Comedy|Romance,,",92,1,977644733,F,18,4,44243,10-20
When Harry Met Sally... (1989),1307,"Comedy|Romance,,",9,4,978225429,M,25,17,61614,20-30
When Night Is Falling (1995),49,"Drama|Romance,,",337,5,976349802,M,18,19,80205,10-20
When We Were Kings (1996),1147,"Documentary,,",36,4,1015905111,M,25,3,94123,20-30
When a Man Loves a Woman (1994),381,"Drama,,",26,3,978142952,M,25,7,23112,20-30
When the Cats Away (Chacun cherche son chat) (1996),1571,"Comedy|Romance,,",45,2,977988697,F,45,16,94110,40-50
Where Eagles Dare (1969),3366,"Action|Adventure|War,,",29,2,978136307,M,35,7,33407,30-40
Where the Buffalo Roam (1980),3235,"Comedy,,",173,3,1009653100,M,25,0,45237,20-30
Where the Heart Is (2000),3565,"Comedy|Drama,,",6,4,978238288,F,50,9,55117,40-50
Where the Money Is (2000),3537,"Comedy|Drama,,",116,3,982347532,M,25,17,55744,20-30
Where's Marlowe? (1999),3057,"Comedy,,",2168,4,1007445225,M,1,10,60202,1-10
While You Were Sleeping (1995),339,"Comedy|Romance,,",10,5,979167945,F,35,1,95370,30-40
Whipped (2000),3597,"Comedy,,",34,2,978103898,F,18,0,02135,10-20
"White Balloon, The (Badkonake Sefid ) (1995)",80,"Drama,",195,4,1022681844,M,25,12,10458,20-30
White Boys (1999),2845,"Drama,,",5780,1,958153068,M,18,17,92886,10-20
White Christmas (1954),3675,"Musical,,",10,5,978224779,F,35,1,95370,30-40
White Man's Burden (1995),209,"Drama,,",157,4,1034356069,M,35,16,12866,30-40
White Men Can't Jump (1992),3263,"Comedy,,",26,5,978139653,M,25,7,23112,20-30
White Sands (1992),3810,"Drama|Thriller,,",192,2,977029695,M,18,1,10977,10-20
White Squall (1996),86,"Adventure|Drama,,",18,3,978157068,F,18,3,95825,10-20
Who Framed Roger Rabbit? (1988),2987,"Adventure|Animation|Film-Noir,,",5,4,978243170,M,25,20,55455,20-30
Who's Afraid of Virginia Woolf? (1966),2132,"Drama,,",24,5,978132879,F,25,7,10023,20-30
Who's Harry Crumb? (1989),3387,"Comedy,,",34,2,978104212,F,18,0,02135,10-20
Who's That Girl? (1987),3391,"Comedy,,",176,4,977099702,F,18,3,55016,10-20
"Whole Nine Yards, The (2000)",3301,"Comedy|Crime,",9,2,978225718,M,25,17,61614,20-30
"Whole Wide World, The (1996)",1413,"Drama,",173,3,980007589,M,25,0,45237,20-30
Why Do Fools Fall In Love? (1998),2190,"Drama,,",90,4,993873877,M,56,13,85749,50-60
Wide Awake (1998),1812,"Children's|Comedy|Drama,,",158,5,977243417,M,56,7,28754,50-60
Widows' Peak (1994),452,"Drama,,",801,3,975402749,F,25,20,95776,20-30
"Wife, The (1995)",864,"Comedy|Drama,",1242,4,974909075,F,35,0,10014,30-40
Wild America (1997),1582,"Adventure|Children's,,",75,4,977852285,F,1,10,01748,1-10
Wild Bill (1995),210,"Western,,",251,3,976716403,M,56,17,55105,50-60
"Wild Bunch, The (1969)",599,"Western,",48,4,978065821,M,25,4,92107,20-30
Wild Man Blues (1998),1865,"Documentary,,",408,5,976293983,M,25,11,02143,20-30
Wild Reeds (1994),896,"Drama,,",5,4,978244493,M,25,20,55455,20-30
Wild Things (1998),1805,"Crime|Drama|Mystery|Thriller,,",15,4,978212185,M,25,7,22903,20-30
Wild Wild West (1999),2701,"Action|Sci-Fi|Western,,",16,2,978174795,F,35,0,20670,30-40
Wilde (1997),2437,"Drama,,",5,2,978244759,M,25,20,55455,20-30
William Shakespeare's Romeo and Juliet (1996),1059,"Drama|Romance,,",8,3,978229614,M,25,12,11413,20-30
Willow (1988),2193,"Action|Adventure|Fantasy,,",10,5,979168295,F,35,1,95370,30-40
Willy Wonka and the Chocolate Factory (1971),1073,"Adventure|Children's|Comedy|Fantasy,,",10,5,979168267,F,35,1,95370,30-40
Window to Paris (1994),598,"Comedy,,",1063,5,979959215,M,35,7,50265,30-40
Windows (1980),684,"Drama,,",1713,1,974705435,M,25,0,47421,20-30
Wing Commander (1999),2549,"Action|Sci-Fi,,",17,3,978158536,M,50,1,95350,40-50
Wings (1927),1925,"Drama|Romance|War,,",107,4,977534779,M,45,18,63129,40-50
Wings of Courage (1995),33,"Adventure|Romance,,",889,2,975254445,M,45,20,10024,40-50
Wings of Desire (Der Himmel über Berlin) (1987),1211,"Comedy|Drama|Romance,,",53,5,977984565,M,25,0,96931,20-30
"Wings of the Dove, The (1997)",1683,"Drama|Romance|Thriller,",5,3,978246108,M,25,20,55455,20-30
Winnie the Pooh and the Blustery Day (1968),1023,"Animation|Children's,,",10,5,979775485,F,35,1,95370,30-40
"Winslow Boy, The (1998)",2611,"Drama,",35,2,978103091,M,45,1,02482,40-50
"Winter Guest, The (1997)",1728,"Drama,",169,2,982032605,M,25,7,55439,20-30
Wirey Spindell (1999),3228,"Comedy,,",1242,1,987709390,F,35,0,10014,30-40
Wisdom (1986),2260,"Action|Crime,,",123,2,977591062,M,35,9,67208,30-40
"Wisdom of Crocodiles, The (a.k.a. Immortality) (2000)",3796,"Romance|Thriller,",195,4,989673962,M,25,12,10458,20-30
Wishmaster (1997),1623,"Horror,,",53,3,977949703,M,25,0,96931,20-30
With Byrd at the South Pole (1930),3297,"Documentary,,",2132,2,974642374,M,56,14,02632,50-60
With Friends Like These... (1998),2811,"Comedy,,",4116,4,966916243,M,35,7,07040,30-40
With Honors (1994),450,"Comedy|Drama,,",26,2,978144498,M,25,7,23112,20-30
Withnail and I (1987),1202,"Comedy,,",149,3,977589370,M,25,1,29205,20-30
Without Limits (1998),2237,"Drama,,",319,3,976419866,F,50,6,33436,40-50
Witness (1985),1674,"Drama|Romance|Thriller,,",6,4,978236567,F,50,9,55117,40-50
"Wizard of Oz, The (1939)",919,"Adventure|Children's|Drama|Musical,",1,4,978301368,F,1,10,48067,1-10
Wolf (1994),382,"Drama|Horror,,",53,3,977980283,M,25,0,96931,20-30
"Wolf Man, The (1941)",2654,"Horror,",130,3,977431222,M,35,17,50021,30-40
Woman in the Dunes (Suna no onna) (1964),3224,"Drama,,",59,4,1041967294,F,50,1,55413,40-50
"Woman of Paris, A (1923)",3641,"Drama,",1470,2,974838657,M,18,4,94118,10-20
Woman on Top (2000),3909,"Comedy|Romance,,",193,3,977020808,F,45,15,44106,40-50
Women on the Verge of a Nervous Breakdown (1988),3067,"Comedy|Drama,,",53,5,977984518,M,25,0,96931,20-30
"Women, The (1939)",927,"Comedy,",33,2,978559122,M,45,3,55421,40-50
Wonder Boys (2000),3317,"Comedy|Drama,,",62,4,977900655,F,35,3,98105,30-40
"Wonderful, Horrible Life of Leni Riefenstahl, The (Die Macht der Bilder) (1993)",363,Documentary,149,5,978189326,M,25,1,29205,20-30
Wonderland (1997),1657,"Documentary,,",30,3,978122054,F,35,7,19143,30-40
Wonderland (1999),3823,"Drama,,",151,3,998696202,F,25,20,85013,20-30
Woo (1998),1878,"Comedy|Romance,,",1345,2,974773383,F,25,2,75070,20-30
"Wood, The (1999)",2714,"Drama,",92,2,986188523,F,18,4,44243,10-20
"Wooden Man's Bride, The (Wu Kui) (1994)",601,"Drama,",1470,3,974839011,M,18,4,94118,10-20
Working Girl (1988),2245,"Comedy|Drama,,",24,4,978132163,F,25,7,10023,20-30
"World Is Not Enough, The (1999)",3082,"Action|Thriller,",19,5,978147292,M,1,10,48073,1-10
"World of Apu, The (Apur Sansar) (1959)",670,"Drama,",161,5,977220173,M,45,16,98107-2117,40-50
"Wrong Man, The (1956)",2182,"Drama|Film-Noir|Thriller,",112,3,977508756,M,25,16,97209,20-30
"Wrong Trousers, The (1993)",1148,"Animation|Comedy,",9,4,978225333,M,25,17,61614,20-30
Wrongfully Accused (1998),2170,"Action|Comedy,,",73,4,977867653,M,18,4,53706,10-20
Wyatt Earp (1994),383,"Western,,",6,4,978237909,F,50,9,55117,40-50
"X-Files: Fight the Future, The (1998)",1909,"Mystery|Sci-Fi|Thriller,",5,3,978246479,M,25,20,55455,20-30
X-Men (2000),3793,"Action|Sci-Fi,,",5,2,978243170,M,25,20,55455,20-30
X: The Unknown (1956),3878,"Sci-Fi,,",563,1,976046397,M,25,4,53703,20-30
Xiu Xiu: The Sent-Down Girl (Tian yu) (1998),2621,"Drama|Romance,,",149,4,977326313,M,25,1,29205,20-30
Yankee Zulu (1994),657,"Comedy|Drama,,",2097,3,987416798,M,18,5,48504,10-20
"Yards, The (1999)",2769,"Crime|Mystery,",127,3,995204926,F,45,3,01770,40-50
"Year My Voice Broke, The (1987)",3329,"Drama,",169,2,981934453,M,25,7,55439,20-30
Year of Living Dangerously (1982),2919,"Drama|Romance,,",35,3,978103790,M,45,1,02482,40-50
Year of the Horse (1997),1652,"Documentary,,",1470,2,974836986,M,18,4,94118,10-20
Yellow Submarine (1968),2857,"Animation|Musical,,",48,4,978059349,M,25,4,92107,20-30
Yojimbo (1961),3030,"Comedy|Drama|Western,,",2,4,978298434,M,56,16,70072,50-60
You Can't Take It With You (1938),1934,"Comedy,,",62,4,977909145,F,35,3,98105,30-40
You So Crazy (1994),411,"Comedy,,",454,1,1025237460,M,25,20,55092,20-30
You've Got Mail (1998),2424,"Comedy|Romance,,",10,5,978229666,F,35,1,95370,30-40
Young Doctors in Love (1982),2255,"Comedy,,",157,3,977250768,M,35,16,12866,30-40
Young Frankenstein (1974),1278,"Comedy|Horror,,",10,5,978225922,F,35,1,95370,30-40
Young Guns (1988),1378,"Action|Comedy|Western,,",3,5,978297419,M,25,15,55117,20-30
Young Guns II (1990),1379,"Action|Comedy|Western,,",3,4,978297419,M,25,15,55117,20-30
"Young Poisoner's Handbook, The (1995)",117,"Crime,",131,4,978249444,M,18,4,06520,10-20
Young Sherlock Holmes (1985),2414,"Action|Adventure|Mystery,,",13,2,978202433,M,45,1,93304,40-50
Young and Innocent (1937),2209,"Crime|Thriller,,",1137,4,982912360,M,18,4,13165,10-20
Your Friends and Neighbors (1998),2165,"Drama,,",53,5,977985930,M,25,0,96931,20-30
Zachariah (1971),3236,"Western,,",3827,5,966127514,M,50,2,87020,40-50
"Zed & Two Noughts, A (1985)",3223,"Drama,",655,2,975698249,F,25,2,92629,20-30
Zero Effect (1998),1845,"Comedy|Thriller,,",23,3,978465462,M,35,0,90049,30-40
Zero Kelvin (Kjærlighetens kjøtere) (1995),1364,"Action,,",1352,3,1031532546,M,35,20,94122,30-40
Zeus and Roxanne (1997),1426,"Children's,,",869,3,975278974,M,18,20,92026,10-20
eXistenZ (1999),2600,"Action|Sci-Fi|Thriller,,",8,2,978229391,M,25,12,11413,20-30
